2025-06-15 05:48:03 Loading main app package /usr/lib/obsidian/obsidian.asar
2025-06-15 05:48:03 Checking for update using Github
2025-06-15 05:48:04 Success.
2025-06-15 05:48:04 Latest version is 1.8.10
2025-06-15 05:48:04 App is up to date.
2025-06-16 08:05:26 Loading main app package /usr/lib/obsidian/obsidian.asar
2025-06-16 08:05:26 Checking for update using Github
2025-06-16 08:05:26 Success.
2025-06-16 08:05:26 Latest version is 1.8.10
2025-06-16 08:05:26 App is up to date.
2025-06-18 06:34:07 Loading main app package /usr/lib/obsidian/obsidian.asar
2025-06-18 06:34:08 Checking for update using Github
2025-06-18 06:34:08 Success.
2025-06-18 06:34:08 Latest version is 1.8.10
2025-06-18 06:34:08 App is up to date.
2025-06-18 20:30:42 Checking for update using Github
2025-06-18 20:30:42 Success.
2025-06-18 20:30:42 Latest version is 1.8.10
2025-06-18 20:30:42 App is up to date.
2025-06-19 01:33:30 Checking for update using Github
2025-06-19 01:33:30 Success.
2025-06-19 01:33:30 Latest version is 1.8.10
2025-06-19 01:33:30 App is up to date.
2025-06-19 02:33:30 Checking for update using Github
2025-06-19 02:33:30 Success.
2025-06-19 02:33:30 Latest version is 1.8.10
2025-06-19 02:33:30 App is up to date.
2025-06-19 04:46:16 Checking for update using Github
2025-06-19 04:46:16 Success.
2025-06-19 04:46:16 Latest version is 1.8.10
2025-06-19 04:46:16 App is up to date.
2025-06-19 05:46:16 Checking for update using Github
2025-06-19 05:46:16 Success.
2025-06-19 05:46:16 Latest version is 1.8.10
2025-06-19 05:46:16 App is up to date.
2025-06-19 20:28:26 Checking for update using Github
2025-06-19 20:28:26 Success.
2025-06-19 20:28:26 Latest version is 1.8.10
2025-06-19 20:28:26 App is up to date.
2025-06-19 21:28:26 Checking for update using Github
2025-06-19 21:28:26 Success.
2025-06-19 21:28:26 Latest version is 1.8.10
2025-06-19 21:28:26 App is up to date.
2025-06-19 22:28:26 Checking for update using Github
2025-06-19 22:28:26 Success.
2025-06-19 22:28:26 Latest version is 1.8.10
2025-06-19 22:28:26 App is up to date.
2025-06-19 23:28:49 Checking for update using Github
2025-06-19 23:28:51 Success.
2025-06-19 23:28:51 Latest version is 1.8.10
2025-06-19 23:28:51 App is up to date.
2025-06-20 01:17:48 Checking for update using Github
2025-06-20 01:17:48 Success.
2025-06-20 01:17:48 Latest version is 1.8.10
2025-06-20 01:17:48 App is up to date.
2025-06-20 02:34:12 Checking for update using Github
2025-06-20 02:34:12 Success.
2025-06-20 02:34:12 Latest version is 1.8.10
2025-06-20 02:34:12 App is up to date.
2025-06-20 03:39:12 Checking for update using Github
2025-06-20 03:39:12 Success.
2025-06-20 03:39:12 Latest version is 1.8.10
2025-06-20 03:39:12 App is up to date.
2025-06-20 04:39:12 Checking for update using Github
2025-06-20 04:39:12 Success.
2025-06-20 04:39:12 Latest version is 1.8.10
2025-06-20 04:39:12 App is up to date.
2025-06-20 05:57:11 Checking for update using Github
2025-06-20 05:57:11 Success.
2025-06-20 05:57:11 Latest version is 1.8.10
2025-06-20 05:57:11 App is up to date.
2025-06-20 06:57:11 Checking for update using Github
2025-06-20 06:57:11 Success.
2025-06-20 06:57:11 Latest version is 1.8.10
2025-06-20 06:57:11 App is up to date.
2025-06-20 22:33:23 Checking for update using Github
2025-06-20 22:33:23 Success.
2025-06-20 22:33:23 Latest version is 1.8.10
2025-06-20 22:33:23 App is up to date.
2025-06-20 23:33:23 Checking for update using Github
2025-06-20 23:33:23 Success.
2025-06-20 23:33:23 Latest version is 1.8.10
2025-06-20 23:33:23 App is up to date.
2025-06-21 00:51:06 Checking for update using Github
2025-06-21 00:51:06 Success.
2025-06-21 00:51:06 Latest version is 1.8.10
2025-06-21 00:51:06 App is up to date.
2025-06-21 01:51:07 Checking for update using Github
2025-06-21 01:51:07 Success.
2025-06-21 01:51:07 Latest version is 1.8.10
2025-06-21 01:51:07 App is up to date.
2025-06-21 03:21:17 Checking for update using Github
2025-06-21 03:21:18 Success.
2025-06-21 03:21:18 Latest version is 1.8.10
2025-06-21 03:21:18 App is up to date.
2025-06-21 04:21:17 Checking for update using Github
2025-06-21 04:21:18 Success.
2025-06-21 04:21:18 Latest version is 1.8.10
2025-06-21 04:21:18 App is up to date.
2025-06-21 05:21:17 Checking for update using Github
2025-06-21 05:21:17 Success.
2025-06-21 05:21:17 Latest version is 1.8.10
2025-06-21 05:21:17 App is up to date.
2025-06-21 06:21:17 Checking for update using Github
2025-06-21 06:21:18 Success.
2025-06-21 06:21:18 Latest version is 1.8.10
2025-06-21 06:21:18 App is up to date.
2025-06-21 07:21:17 Checking for update using Github
2025-06-21 07:21:17 Success.
2025-06-21 07:21:17 Latest version is 1.8.10
2025-06-21 07:21:17 App is up to date.
2025-06-23 01:45:47 Loading main app package /usr/lib/obsidian/obsidian.asar
2025-06-23 01:45:47 Checking for update using Github
2025-06-23 01:45:47 Success.
2025-06-23 01:45:47 Latest version is 1.8.10
2025-06-23 01:45:47 App is up to date.
2025-06-23 02:45:47 Checking for update using Github
2025-06-23 02:45:47 Success.
2025-06-23 02:45:47 Latest version is 1.8.10
2025-06-23 02:45:47 App is up to date.
2025-06-23 04:10:48 Checking for update using Github
2025-06-23 04:10:48 Success.
2025-06-23 04:10:48 Latest version is 1.8.10
2025-06-23 04:10:48 App is up to date.
2025-06-23 05:05:19 Loading main app package /usr/lib/obsidian/obsidian.asar
2025-06-23 05:05:20 Checking for update using Github
2025-06-23 05:05:20 Success.
2025-06-23 05:05:20 Latest version is 1.8.10
2025-06-23 05:05:20 App is up to date.
2025-06-23 20:24:00 Loading main app package /usr/lib/obsidian/obsidian.asar
2025-06-23 20:24:00 Checking for update using Github
2025-06-23 20:24:00 Success.
2025-06-23 20:24:00 Latest version is 1.8.10
2025-06-23 20:24:00 App is up to date.
2025-06-23 22:38:12 Checking for update using Github
2025-06-23 22:38:12 Success.
2025-06-23 22:38:12 Latest version is 1.8.10
2025-06-23 22:38:12 App is up to date.
2025-06-23 23:38:13 Checking for update using Github
2025-06-23 23:38:13 Success.
2025-06-23 23:38:13 Latest version is 1.8.10
2025-06-23 23:38:13 App is up to date.
2025-06-24 00:38:13 Checking for update using Github
2025-06-24 00:38:13 Success.
2025-06-24 00:38:13 Latest version is 1.8.10
2025-06-24 00:38:13 App is up to date.
2025-06-24 02:21:36 Checking for update using Github
2025-06-24 02:21:36 Success.
2025-06-24 02:21:36 Latest version is 1.8.10
2025-06-24 02:21:36 App is up to date.
2025-06-24 03:21:36 Checking for update using Github
2025-06-24 03:21:36 Success.
2025-06-24 03:21:36 Latest version is 1.8.10
2025-06-24 03:21:36 App is up to date.
2025-06-24 04:23:14 Checking for update using Github
2025-06-24 04:23:14 Success.
2025-06-24 04:23:14 Latest version is 1.8.10
2025-06-24 04:23:14 App is up to date.
2025-06-24 05:23:14 Checking for update using Github
2025-06-24 05:23:14 Success.
2025-06-24 05:23:14 Latest version is 1.8.10
2025-06-24 05:23:14 App is up to date.
2025-06-24 19:31:08 Checking for update using Github
2025-06-24 19:31:09 Success.
2025-06-24 19:31:09 Latest version is 1.8.10
2025-06-24 19:31:09 App is up to date.
2025-06-24 20:02:07 Loading main app package /usr/lib/obsidian/obsidian.asar
2025-06-24 20:02:07 Checking for update using Github
2025-06-24 20:02:45 Loading main app package /usr/lib/obsidian/obsidian.asar
2025-06-24 20:02:45 Checking for update using Github
2025-06-24 20:31:09 Checking for update using Github
2025-06-24 20:31:09 Success.
2025-06-24 20:31:09 Latest version is 1.8.10
2025-06-24 20:31:09 App is up to date.
2025-06-24 22:33:09 Checking for update using Github
2025-06-24 22:33:09 Success.
2025-06-24 22:33:09 Latest version is 1.8.10
2025-06-24 22:33:09 App is up to date.
2025-06-25 03:33:06 Checking for update using Github
2025-06-25 03:33:06 Success.
2025-06-25 03:33:06 Latest version is 1.8.10
2025-06-25 03:33:06 App is up to date.
2025-06-25 05:44:06 Checking for update using Github
2025-06-25 05:44:06 Success.
2025-06-25 05:44:06 Latest version is 1.8.10
2025-06-25 05:44:06 App is up to date.
2025-06-25 06:44:06 Checking for update using Github
2025-06-25 06:44:06 Success.
2025-06-25 06:44:06 Latest version is 1.8.10
2025-06-25 06:44:06 App is up to date.
2025-06-25 07:44:06 Checking for update using Github
2025-06-25 07:44:06 Success.
2025-06-25 07:44:06 Latest version is 1.8.10
2025-06-25 07:44:06 App is up to date.
2025-06-25 20:30:35 Checking for update using Github
2025-06-25 20:30:36 Success.
2025-06-25 20:30:36 Latest version is 1.8.10
2025-06-25 20:30:36 App is up to date.
2025-06-25 23:37:56 Checking for update using Github
2025-06-25 23:37:56 Success.
2025-06-25 23:37:56 Latest version is 1.8.10
2025-06-25 23:37:56 App is up to date.
2025-06-26 00:37:56 Checking for update using Github
2025-06-26 00:37:56 Success.
2025-06-26 00:37:56 Latest version is 1.8.10
2025-06-26 00:37:56 App is up to date.
2025-06-26 01:40:07 Checking for update using Github
2025-06-26 01:40:07 Success.
2025-06-26 01:40:07 Latest version is 1.8.10
2025-06-26 01:40:07 App is up to date.
2025-06-26 03:04:20 Checking for update using Github
2025-06-26 03:04:20 Success.
2025-06-26 03:04:20 Latest version is 1.8.10
2025-06-26 03:04:20 App is up to date.
2025-06-26 04:22:07 Checking for update using Github
2025-06-26 04:22:07 Success.
2025-06-26 04:22:07 Latest version is 1.8.10
2025-06-26 04:22:07 App is up to date.
2025-06-26 05:22:08 Checking for update using Github
2025-06-26 05:22:08 Success.
2025-06-26 05:22:08 Latest version is 1.8.10
2025-06-26 05:22:08 App is up to date.
2025-06-26 06:22:08 Checking for update using Github
2025-06-26 06:22:08 Success.
2025-06-26 06:22:08 Latest version is 1.8.10
2025-06-26 06:22:08 App is up to date.
2025-06-26 07:22:08 Checking for update using Github
2025-06-26 07:22:08 Success.
2025-06-26 07:22:08 Latest version is 1.8.10
2025-06-26 07:22:08 App is up to date.
2025-06-26 17:59:59 Checking for update using Github
2025-06-26 17:59:59 Success.
2025-06-26 17:59:59 Latest version is 1.8.10
2025-06-26 17:59:59 App is up to date.
2025-06-26 18:59:59 Checking for update using Github
2025-06-26 18:59:59 Success.
2025-06-26 18:59:59 Latest version is 1.8.10
2025-06-26 18:59:59 App is up to date.
2025-06-26 19:59:59 Checking for update using Github
2025-06-26 19:59:59 Success.
2025-06-26 19:59:59 Latest version is 1.8.10
2025-06-26 19:59:59 App is up to date.
2025-06-26 20:59:59 Checking for update using Github
2025-06-26 20:59:59 Success.
2025-06-26 20:59:59 Latest version is 1.8.10
2025-06-26 20:59:59 App is up to date.
2025-06-26 21:59:59 Checking for update using Github
2025-06-26 21:59:59 Success.
2025-06-26 21:59:59 Latest version is 1.8.10
2025-06-26 21:59:59 App is up to date.
2025-06-26 23:04:39 Checking for update using Github
2025-06-26 23:04:39 Success.
2025-06-26 23:04:39 Latest version is 1.8.10
2025-06-26 23:04:39 App is up to date.
2025-06-27 00:04:40 Checking for update using Github
2025-06-27 00:04:40 Success.
2025-06-27 00:04:40 Latest version is 1.8.10
2025-06-27 00:04:40 App is up to date.
2025-06-27 02:04:23 Checking for update using Github
2025-06-27 02:04:23 Success.
2025-06-27 02:04:23 Latest version is 1.8.10
2025-06-27 02:04:23 App is up to date.
2025-06-27 04:17:23 Checking for update using Github
2025-06-27 04:17:23 Success.
2025-06-27 04:17:23 Latest version is 1.8.10
2025-06-27 04:17:23 App is up to date.
2025-06-27 05:17:23 Checking for update using Github
2025-06-27 05:17:24 Success.
2025-06-27 05:17:24 Latest version is 1.8.10
2025-06-27 05:17:24 App is up to date.
2025-06-27 06:17:23 Checking for update using Github
2025-06-27 06:17:24 Success.
2025-06-27 06:17:24 Latest version is 1.8.10
2025-06-27 06:17:24 App is up to date.
2025-06-27 07:17:24 Checking for update using Github
2025-06-27 07:17:24 Success.
2025-06-27 07:17:24 Latest version is 1.8.10
2025-06-27 07:17:24 App is up to date.
2025-06-27 18:42:28 Checking for update using Github
2025-06-27 18:42:28 Success.
2025-06-27 18:42:28 Latest version is 1.8.10
2025-06-27 18:42:28 App is up to date.
2025-06-30 20:24:04 Loading main app package /usr/lib/obsidian/obsidian.asar
2025-06-30 20:24:05 Checking for update using Github
2025-06-30 20:24:05 Success.
2025-06-30 20:24:05 Latest version is 1.8.10
2025-06-30 20:24:05 App is up to date.
2025-07-02 20:29:51 Checking for update using Github
2025-07-02 20:29:51 Success.
2025-07-02 20:29:51 Latest version is 1.8.10
2025-07-02 20:29:51 App is up to date.
2025-07-07 20:44:00 Checking for update using Github
2025-07-07 20:44:01 Success.
2025-07-07 20:44:01 Latest version is 1.8.10
2025-07-07 20:44:01 App is up to date.
2025-07-09 20:47:23 Checking for update using Github
2025-07-09 20:47:23 Success.
2025-07-09 20:47:23 Latest version is 1.8.10
2025-07-09 20:47:23 App is up to date.
2025-07-12 03:26:49 Checking for update using Github
2025-07-12 03:26:49 Success.
2025-07-12 03:26:49 Latest version is 1.8.10
2025-07-12 03:26:49 App is up to date.
2025-07-12 19:01:09 Checking for update using Github
2025-07-12 19:01:09 Success.
2025-07-12 19:01:09 Latest version is 1.8.10
2025-07-12 19:01:09 App is up to date.
2025-07-12 20:03:10 Checking for update using Github
2025-07-12 20:03:10 Success.
2025-07-12 20:03:10 Latest version is 1.8.10
2025-07-12 20:03:10 App is up to date.
2025-07-12 21:16:26 Checking for update using Github
2025-07-12 21:16:27 Success.
2025-07-12 21:16:27 Latest version is 1.8.10
2025-07-12 21:16:27 App is up to date.
2025-07-13 05:34:45 Checking for update using Github
2025-07-13 05:34:46 Success.
2025-07-13 05:34:46 Latest version is 1.8.10
2025-07-13 05:34:46 App is up to date.
2025-07-13 06:34:45 Checking for update using Github
2025-07-13 06:34:46 Success.
2025-07-13 06:34:46 Latest version is 1.8.10
2025-07-13 06:34:46 App is up to date.
2025-07-13 23:48:34 Checking for update using Github
2025-07-13 23:48:34 Success.
2025-07-13 23:48:34 Latest version is 1.8.10
2025-07-13 23:48:34 App is up to date.
2025-07-18 18:24:44 Loading main app package /usr/lib/obsidian/obsidian.asar
2025-07-18 18:24:44 Checking for update using Github
2025-07-18 18:24:45 Success.
2025-07-18 18:24:45 Latest version is 1.8.10
2025-07-18 18:24:45 App is up to date.
2025-07-18 19:24:45 Checking for update using Github
2025-07-18 19:24:45 Success.
2025-07-18 19:24:45 Latest version is 1.8.10
2025-07-18 19:24:45 App is up to date.
2025-07-19 19:57:34 Checking for update using Github
2025-07-19 19:57:34 Success.
2025-07-19 19:57:34 Latest version is 1.8.10
2025-07-19 19:57:34 App is up to date.
2025-07-19 20:57:34 Checking for update using Github
2025-07-19 20:57:34 Success.
2025-07-19 20:57:34 Latest version is 1.8.10
2025-07-19 20:57:34 App is up to date.
2025-07-20 21:15:30 Checking for update using Github
2025-07-20 21:15:30 Success.
2025-07-20 21:15:30 Latest version is 1.8.10
2025-07-20 21:15:30 App is up to date.
2025-07-20 22:56:07 Checking for update using Github
2025-07-20 22:56:07 Success.
2025-07-20 22:56:07 Latest version is 1.8.10
2025-07-20 22:56:07 App is up to date.
2025-07-20 23:56:07 Checking for update using Github
2025-07-20 23:56:07 Success.
2025-07-20 23:56:07 Latest version is 1.8.10
2025-07-20 23:56:07 App is up to date.
2025-07-21 00:56:07 Checking for update using Github
2025-07-21 00:56:07 Success.
2025-07-21 00:56:07 Latest version is 1.8.10
2025-07-21 00:56:07 App is up to date.
2025-07-21 02:01:45 Checking for update using Github
2025-07-21 02:01:45 Success.
2025-07-21 02:01:45 Latest version is 1.8.10
2025-07-21 02:01:45 App is up to date.
2025-07-21 21:15:00 Checking for update using Github
2025-07-21 21:15:00 Success.
2025-07-21 21:15:00 Latest version is 1.8.10
2025-07-21 21:15:00 App is up to date.
2025-07-22 00:37:25 Checking for update using Github
2025-07-22 00:37:25 Success.
2025-07-22 00:37:25 Latest version is 1.8.10
2025-07-22 00:37:25 App is up to date.
2025-07-23 20:22:14 Checking for update using Github
2025-07-23 20:22:14 Success.
2025-07-23 20:22:14 Latest version is 1.8.10
2025-07-23 20:22:14 App is up to date.
2025-07-24 02:10:50 Checking for update using Github
2025-07-24 02:10:50 Success.
2025-07-24 02:10:50 Latest version is 1.8.10
2025-07-24 02:10:50 App is up to date.
2025-07-24 03:10:50 Checking for update using Github
2025-07-24 03:10:50 Success.
2025-07-24 03:10:50 Latest version is 1.8.10
2025-07-24 03:10:50 App is up to date.
2025-07-24 06:57:17 Checking for update using Github
2025-07-24 06:57:17 Success.
2025-07-24 06:57:17 Latest version is 1.8.10
2025-07-24 06:57:17 App is up to date.
2025-07-24 20:44:48 Checking for update using Github
2025-07-24 20:44:48 Success.
2025-07-24 20:44:48 Latest version is 1.8.10
2025-07-24 20:44:48 App is up to date.
2025-07-24 21:44:48 Checking for update using Github
2025-07-24 21:44:48 Success.
2025-07-24 21:44:48 Latest version is 1.8.10
2025-07-24 21:44:48 App is up to date.
2025-07-24 22:44:48 Checking for update using Github
2025-07-24 22:44:48 Success.
2025-07-24 22:44:48 Latest version is 1.8.10
2025-07-24 22:44:48 App is up to date.
2025-07-25 01:13:16 Checking for update using Github
2025-07-25 01:13:16 Success.
2025-07-25 01:13:16 Latest version is 1.8.10
2025-07-25 01:13:16 App is up to date.
2025-07-25 02:25:59 Checking for update using Github
2025-07-25 02:25:59 Success.
2025-07-25 02:25:59 Latest version is 1.8.10
2025-07-25 02:25:59 App is up to date.
2025-07-25 03:27:58 Checking for update using Github
2025-07-25 03:27:59 Success.
2025-07-25 03:27:59 Latest version is 1.8.10
2025-07-25 03:27:59 App is up to date.
2025-07-25 04:27:59 Checking for update using Github
2025-07-25 04:27:59 Success.
2025-07-25 04:27:59 Latest version is 1.8.10
2025-07-25 04:27:59 App is up to date.
2025-07-26 04:17:06 Checking for update using Github
2025-07-26 04:17:11 Success.
2025-07-26 04:17:11 Latest version is 1.8.10
2025-07-26 04:17:11 App is up to date.
2025-07-26 05:17:06 Checking for update using Github
2025-07-26 05:17:06 Success.
2025-07-26 05:17:06 Latest version is 1.8.10
2025-07-26 05:17:06 App is up to date.
2025-07-26 19:44:42 Checking for update using Github
2025-07-26 19:44:42 Success.
2025-07-26 19:44:42 Latest version is 1.8.10
2025-07-26 19:44:42 App is up to date.
2025-07-27 00:23:44 Checking for update using Github
2025-07-27 00:23:44 Success.
2025-07-27 00:23:44 Latest version is 1.8.10
2025-07-27 00:23:44 App is up to date.
2025-07-27 01:23:44 Checking for update using Github
2025-07-27 01:23:44 Success.
2025-07-27 01:23:44 Latest version is 1.8.10
2025-07-27 01:23:44 App is up to date.
2025-07-27 03:16:15 Checking for update using Github
2025-07-27 03:16:15 Success.
2025-07-27 03:16:15 Latest version is 1.8.10
2025-07-27 03:16:15 App is up to date.
2025-07-27 04:38:57 Checking for update using Github
2025-07-27 04:38:57 Success.
2025-07-27 04:38:57 Latest version is 1.8.10
2025-07-27 04:38:57 App is up to date.
2025-07-27 06:16:28 Checking for update using Github
2025-07-27 06:16:28 Success.
2025-07-27 06:16:28 Latest version is 1.8.10
2025-07-27 06:16:28 App is up to date.
2025-07-27 22:59:57 Checking for update using Github
2025-07-27 22:59:58 Success.
2025-07-27 22:59:58 Latest version is 1.8.10
2025-07-27 22:59:58 App is up to date.
2025-07-28 06:59:04 Checking for update using Github
2025-07-28 06:59:04 Success.
2025-07-28 06:59:04 Latest version is 1.8.10
2025-07-28 06:59:04 App is up to date.
2025-07-28 07:59:04 Checking for update using Github
2025-07-28 07:59:04 Success.
2025-07-28 07:59:04 Latest version is 1.8.10
2025-07-28 07:59:04 App is up to date.
2025-07-28 20:44:41 Checking for update using Github
2025-07-28 20:44:41 Success.
2025-07-28 20:44:41 Latest version is 1.8.10
2025-07-28 20:44:41 App is up to date.
2025-07-29 05:08:12 Checking for update using Github
2025-07-29 05:08:12 Success.
2025-07-29 05:08:12 Latest version is 1.8.10
2025-07-29 05:08:12 App is up to date.
2025-07-29 06:08:12 Checking for update using Github
2025-07-29 06:08:12 Success.
2025-07-29 06:08:12 Latest version is 1.8.10
2025-07-29 06:08:12 App is up to date.
2025-07-29 07:08:12 Checking for update using Github
2025-07-29 07:08:12 Success.
2025-07-29 07:08:12 Latest version is 1.8.10
2025-07-29 07:08:12 App is up to date.
2025-07-29 20:58:46 Checking for update using Github
2025-07-29 20:58:46 Success.
2025-07-29 20:58:46 Latest version is 1.8.10
2025-07-29 20:58:46 App is up to date.
2025-07-29 22:10:20 Checking for update using Github
2025-07-29 22:10:20 Success.
2025-07-29 22:10:20 Latest version is 1.8.10
2025-07-29 22:10:20 App is up to date.
2025-07-29 23:29:56 Checking for update using Github
2025-07-29 23:29:56 Success.
2025-07-29 23:29:56 Latest version is 1.8.10
2025-07-29 23:29:56 App is up to date.
2025-07-30 00:29:56 Checking for update using Github
2025-07-30 00:29:56 Success.
2025-07-30 00:29:56 Latest version is 1.8.10
2025-07-30 00:29:56 App is up to date.
2025-07-30 01:29:56 Checking for update using Github
2025-07-30 01:29:56 Success.
2025-07-30 01:29:56 Latest version is 1.8.10
2025-07-30 01:29:56 App is up to date.
2025-07-30 03:01:33 Checking for update using Github
2025-07-30 03:01:33 Success.
2025-07-30 03:01:33 Latest version is 1.8.10
2025-07-30 03:01:33 App is up to date.
2025-07-30 20:34:30 Checking for update using Github
2025-07-30 20:34:30 Success.
2025-07-30 20:34:30 Latest version is 1.8.10
2025-07-30 20:34:30 App is up to date.
2025-07-31 01:21:20 Checking for update using Github
2025-07-31 01:21:20 Success.
2025-07-31 01:21:20 Latest version is 1.8.10
2025-07-31 01:21:20 App is up to date.
2025-07-31 03:41:32 Checking for update using Github
2025-07-31 03:41:33 Success.
2025-07-31 03:41:33 Latest version is 1.8.10
2025-07-31 03:41:33 App is up to date.
2025-07-31 20:22:04 Loading main app package /usr/lib/obsidian/obsidian.asar
2025-07-31 20:22:05 Checking for update using Github
2025-07-31 20:22:05 Success.
2025-07-31 20:22:05 Latest version is 1.8.10
2025-07-31 20:22:05 App is up to date.
2025-07-31 22:29:15 Loading main app package /usr/lib/obsidian/obsidian.asar
2025-07-31 22:29:16 Checking for update using Github
2025-07-31 22:29:16 Success.
2025-07-31 22:29:16 Latest version is 1.8.10
2025-07-31 22:29:16 App is up to date.
2025-07-31 23:29:15 Checking for update using Github
2025-07-31 23:29:16 Success.
2025-07-31 23:29:16 Latest version is 1.8.10
2025-07-31 23:29:16 App is up to date.
2025-08-01 00:29:33 Checking for update using Github
2025-08-01 00:29:34 Success.
2025-08-01 00:29:34 Latest version is 1.8.10
2025-08-01 00:29:34 App is up to date.
2025-08-01 01:29:33 Checking for update using Github
2025-08-01 01:29:33 Success.
2025-08-01 01:29:33 Latest version is 1.8.10
2025-08-01 01:29:33 App is up to date.
2025-08-01 02:29:33 Checking for update using Github
2025-08-01 02:29:34 Success.
2025-08-01 02:29:34 Latest version is 1.8.10
2025-08-01 02:29:34 App is up to date.
2025-08-01 04:31:26 Checking for update using Github
2025-08-01 04:31:26 Success.
2025-08-01 04:31:26 Latest version is 1.8.10
2025-08-01 04:31:26 App is up to date.
2025-08-01 20:17:35 Checking for update using Github
2025-08-01 20:17:35 Success.
2025-08-01 20:17:35 Latest version is 1.8.10
2025-08-01 20:17:35 App is up to date.
2025-08-02 20:51:43 Checking for update using Github
2025-08-02 20:51:43 Success.
2025-08-02 20:51:43 Latest version is 1.8.10
2025-08-02 20:51:43 App is up to date.
2025-08-03 00:52:26 Checking for update using Github
2025-08-03 00:52:26 Success.
2025-08-03 00:52:26 Latest version is 1.8.10
2025-08-03 00:52:26 App is up to date.
2025-08-03 02:49:27 Checking for update using Github
2025-08-03 02:49:27 Success.
2025-08-03 02:49:27 Latest version is 1.8.10
2025-08-03 02:49:27 App is up to date.
2025-08-03 03:49:27 Checking for update using Github
2025-08-03 03:49:27 Success.
2025-08-03 03:49:27 Latest version is 1.8.10
2025-08-03 03:49:27 App is up to date.
2025-08-04 01:47:19 Checking for update using Github
2025-08-04 01:47:19 Success.
2025-08-04 01:47:19 Latest version is 1.8.10
2025-08-04 01:47:19 App is up to date.
2025-08-04 02:47:19 Checking for update using Github
2025-08-04 02:47:19 Success.
2025-08-04 02:47:19 Latest version is 1.8.10
2025-08-04 02:47:19 App is up to date.
2025-08-04 04:08:05 Checking for update using Github
2025-08-04 04:08:05 Success.
2025-08-04 04:08:05 Latest version is 1.8.10
2025-08-04 04:08:05 App is up to date.
2025-08-04 19:58:18 Checking for update using Github
2025-08-04 19:58:18 Success.
2025-08-04 19:58:18 Latest version is 1.8.10
2025-08-04 19:58:18 App is up to date.
2025-08-04 20:58:18 Checking for update using Github
2025-08-04 20:58:18 Success.
2025-08-04 20:58:18 Latest version is 1.8.10
2025-08-04 20:58:18 App is up to date.
2025-08-04 22:00:59 Checking for update using Github
2025-08-04 22:00:59 Success.
2025-08-04 22:00:59 Latest version is 1.8.10
2025-08-04 22:00:59 App is up to date.
2025-08-04 23:00:59 Checking for update using Github
2025-08-04 23:00:59 Success.
2025-08-04 23:00:59 Latest version is 1.8.10
2025-08-04 23:00:59 App is up to date.
2025-08-05 01:25:48 Checking for update using Github
2025-08-05 01:25:48 Success.
2025-08-05 01:25:48 Latest version is 1.8.10
2025-08-05 01:25:48 App is up to date.
2025-08-05 02:25:48 Checking for update using Github
2025-08-05 02:25:48 Success.
2025-08-05 02:25:48 Latest version is 1.8.10
2025-08-05 02:25:48 App is up to date.
2025-08-05 03:54:04 Checking for update using Github
2025-08-05 03:54:04 Success.
2025-08-05 03:54:04 Latest version is 1.8.10
2025-08-05 03:54:04 App is up to date.
2025-08-05 20:47:42 Checking for update using Github
2025-08-05 20:47:42 Success.
2025-08-05 20:47:42 Latest version is 1.8.10
2025-08-05 20:47:42 App is up to date.
2025-08-05 21:47:42 Checking for update using Github
2025-08-05 21:47:47 Success.
2025-08-05 21:47:47 Latest version is 1.8.10
2025-08-05 21:47:47 App is up to date.
2025-08-05 23:45:17 Checking for update using Github
2025-08-05 23:45:17 Success.
2025-08-05 23:45:17 Latest version is 1.8.10
2025-08-05 23:45:17 App is up to date.
2025-08-06 00:45:17 Checking for update using Github
2025-08-06 00:45:17 Success.
2025-08-06 00:45:17 Latest version is 1.8.10
2025-08-06 00:45:17 App is up to date.
2025-08-06 02:59:58 Checking for update using Github
2025-08-06 02:59:59 Success.
2025-08-06 02:59:59 Latest version is 1.8.10
2025-08-06 02:59:59 App is up to date.
2025-08-06 03:59:58 Checking for update using Github
2025-08-06 03:59:59 Success.
2025-08-06 03:59:59 Latest version is 1.8.10
2025-08-06 03:59:59 App is up to date.
2025-08-06 04:59:58 Checking for update using Github
2025-08-06 04:59:59 Success.
2025-08-06 04:59:59 Latest version is 1.8.10
2025-08-06 04:59:59 App is up to date.
2025-08-06 05:59:58 Checking for update using Github
2025-08-06 05:59:59 Success.
2025-08-06 05:59:59 Latest version is 1.8.10
2025-08-06 05:59:59 App is up to date.
2025-08-06 21:31:44 Checking for update using Github
2025-08-06 21:31:44 Success.
2025-08-06 21:31:44 Latest version is 1.8.10
2025-08-06 21:31:44 App is up to date.
2025-08-06 22:48:39 Checking for update using Github
2025-08-06 22:48:39 Success.
2025-08-06 22:48:39 Latest version is 1.8.10
2025-08-06 22:48:39 App is up to date.
2025-08-07 01:21:48 Checking for update using Github
2025-08-07 01:21:48 Success.
2025-08-07 01:21:48 Latest version is 1.8.10
2025-08-07 01:21:48 App is up to date.
2025-08-07 02:21:48 Checking for update using Github
2025-08-07 02:21:48 Success.
2025-08-07 02:21:48 Latest version is 1.8.10
2025-08-07 02:21:48 App is up to date.
2025-08-07 03:54:10 Checking for update using Github
2025-08-07 03:54:11 Success.
2025-08-07 03:54:11 Latest version is 1.8.10
2025-08-07 03:54:11 App is up to date.
2025-08-07 20:41:50 Checking for update using Github
2025-08-07 20:41:50 Success.
2025-08-07 20:41:50 Latest version is 1.8.10
2025-08-07 20:41:50 App is up to date.
2025-08-07 21:41:50 Checking for update using Github
2025-08-07 21:41:50 Success.
2025-08-07 21:41:50 Latest version is 1.8.10
2025-08-07 21:41:50 App is up to date.
2025-08-07 22:59:11 Checking for update using Github
2025-08-07 22:59:11 Success.
2025-08-07 22:59:11 Latest version is 1.8.10
2025-08-07 22:59:11 App is up to date.
2025-08-07 23:59:11 Checking for update using Github
2025-08-07 23:59:14 Failed to check for update using Github (net::ERR_NETWORK_CHANGED)
2025-08-07 23:59:14 Checking for update using obsidian.md
2025-08-07 23:59:14 Failed to check for update using obsidian.md (net::ERR_INTERNET_DISCONNECTED)
2025-08-08 01:50:50 Checking for update using Github
2025-08-08 01:50:50 Success.
2025-08-08 01:50:50 Latest version is 1.8.10
2025-08-08 01:50:50 App is up to date.
2025-08-08 03:33:27 Checking for update using Github
2025-08-08 03:33:27 Success.
2025-08-08 03:33:27 Latest version is 1.8.10
2025-08-08 03:33:27 App is up to date.
2025-08-08 22:44:01 Checking for update using Github
2025-08-08 22:44:01 Success.
2025-08-08 22:44:01 Latest version is 1.8.10
2025-08-08 22:44:01 App is up to date.
2025-08-09 05:58:15 Checking for update using Github
2025-08-09 05:58:15 Success.
2025-08-09 05:58:15 Latest version is 1.8.10
2025-08-09 05:58:15 App is up to date.
2025-08-09 21:15:29 Checking for update using Github
2025-08-09 21:15:29 Success.
2025-08-09 21:15:29 Latest version is 1.8.10
2025-08-09 21:15:29 App is up to date.
2025-08-09 22:15:30 Checking for update using Github
2025-08-09 22:15:30 Success.
2025-08-09 22:15:30 Latest version is 1.8.10
2025-08-09 22:15:30 App is up to date.
2025-08-09 23:29:06 Checking for update using Github
2025-08-09 23:29:06 Success.
2025-08-09 23:29:06 Latest version is 1.8.10
2025-08-09 23:29:06 App is up to date.
2025-08-10 00:29:07 Checking for update using Github
2025-08-10 00:29:07 Success.
2025-08-10 00:29:07 Latest version is 1.8.10
2025-08-10 00:29:07 App is up to date.
2025-08-10 02:29:12 Checking for update using Github
2025-08-10 02:29:12 Success.
2025-08-10 02:29:12 Latest version is 1.8.10
2025-08-10 02:29:12 App is up to date.
2025-08-10 04:15:44 Checking for update using Github
2025-08-10 04:15:44 Success.
2025-08-10 04:15:44 Latest version is 1.8.10
2025-08-10 04:15:44 App is up to date.
2025-08-10 05:15:44 Checking for update using Github
2025-08-10 05:15:45 Success.
2025-08-10 05:15:45 Latest version is 1.8.10
2025-08-10 05:15:45 App is up to date.
2025-08-10 23:44:05 Checking for update using Github
2025-08-10 23:44:06 Success.
2025-08-10 23:44:06 Latest version is 1.8.10
2025-08-10 23:44:06 App is up to date.
2025-08-11 00:44:07 Checking for update using Github
2025-08-11 00:44:07 Success.
2025-08-11 00:44:07 Latest version is 1.8.10
2025-08-11 00:44:07 App is up to date.
2025-08-11 01:44:07 Checking for update using Github
2025-08-11 01:44:07 Success.
2025-08-11 01:44:07 Latest version is 1.8.10
2025-08-11 01:44:07 App is up to date.
2025-08-11 02:54:35 Checking for update using Github
2025-08-11 02:54:35 Success.
2025-08-11 02:54:35 Latest version is 1.8.10
2025-08-11 02:54:35 App is up to date.
2025-08-11 02:57:32 Loading main app package /usr/lib/obsidian/obsidian.asar
2025-08-11 02:57:33 Checking for update using Github
2025-08-11 02:57:33 Success.
2025-08-11 02:57:33 Latest version is 1.8.10
2025-08-11 02:57:33 App is up to date.
2025-08-11 03:57:33 Checking for update using Github
2025-08-11 03:57:33 Success.
2025-08-11 03:57:33 Latest version is 1.8.10
2025-08-11 03:57:33 App is up to date.
2025-08-11 04:57:33 Checking for update using Github
2025-08-11 04:57:33 Success.
2025-08-11 04:57:33 Latest version is 1.8.10
2025-08-11 04:57:33 App is up to date.
2025-08-11 18:34:23 Checking for update using Github
2025-08-11 18:34:23 Success.
2025-08-11 18:34:23 Latest version is 1.8.10
2025-08-11 18:34:23 App is up to date.
2025-08-11 19:34:23 Checking for update using Github
2025-08-11 19:34:23 Success.
2025-08-11 19:34:23 Latest version is 1.8.10
2025-08-11 19:34:23 App is up to date.
2025-08-11 20:34:23 Checking for update using Github
2025-08-11 20:34:23 Success.
2025-08-11 20:34:23 Latest version is 1.8.10
2025-08-11 20:34:23 App is up to date.
2025-08-11 21:36:01 Checking for update using Github
2025-08-11 21:36:02 Success.
2025-08-11 21:36:02 Latest version is 1.8.10
2025-08-11 21:36:02 App is up to date.
2025-08-11 22:55:56 Checking for update using Github
2025-08-11 22:55:56 Success.
2025-08-11 22:55:56 Latest version is 1.8.10
2025-08-11 22:55:56 App is up to date.
2025-08-11 23:55:56 Checking for update using Github
2025-08-11 23:55:56 Success.
2025-08-11 23:55:56 Latest version is 1.8.10
2025-08-11 23:55:56 App is up to date.
2025-08-12 01:22:19 Checking for update using Github
2025-08-12 01:22:19 Success.
2025-08-12 01:22:19 Latest version is 1.8.10
2025-08-12 01:22:19 App is up to date.
2025-08-12 02:22:19 Checking for update using Github
2025-08-12 02:22:19 Success.
2025-08-12 02:22:19 Latest version is 1.8.10
2025-08-12 02:22:19 App is up to date.
2025-08-12 03:55:37 Checking for update using Github
2025-08-12 03:55:37 Success.
2025-08-12 03:55:37 Latest version is 1.8.10
2025-08-12 03:55:37 App is up to date.
2025-08-12 18:54:43 Checking for update using Github
2025-08-12 18:54:43 Success.
2025-08-12 18:54:43 Latest version is 1.8.10
2025-08-12 18:54:43 App is up to date.
2025-08-12 19:56:34 Checking for update using Github
2025-08-12 19:56:34 Success.
2025-08-12 19:56:34 Latest version is 1.8.10
2025-08-12 19:56:34 App is up to date.
2025-08-12 20:56:35 Checking for update using Github
2025-08-12 20:56:35 Success.
2025-08-12 20:56:35 Latest version is 1.8.10
2025-08-12 20:56:35 App is up to date.
2025-08-12 22:58:11 Checking for update using Github
2025-08-12 22:58:11 Success.
2025-08-12 22:58:11 Latest version is 1.8.10
2025-08-12 22:58:11 App is up to date.
2025-08-13 00:42:18 Checking for update using Github
2025-08-13 00:42:18 Success.
2025-08-13 00:42:18 Latest version is 1.8.10
2025-08-13 00:42:18 App is up to date.
2025-08-13 02:12:17 Checking for update using Github
2025-08-13 02:12:17 Success.
2025-08-13 02:12:17 Latest version is 1.8.10
2025-08-13 02:12:17 App is up to date.
2025-08-13 03:12:17 Checking for update using Github
2025-08-13 03:12:17 Success.
2025-08-13 03:12:17 Latest version is 1.8.10
2025-08-13 03:12:17 App is up to date.
2025-08-13 04:31:14 Checking for update using Github
2025-08-13 04:31:14 Success.
2025-08-13 04:31:14 Latest version is 1.8.10
2025-08-13 04:31:14 App is up to date.
2025-08-13 05:31:14 Checking for update using Github
2025-08-13 05:31:14 Success.
2025-08-13 05:31:14 Latest version is 1.8.10
2025-08-13 05:31:14 App is up to date.
2025-08-13 06:53:27 Checking for update using Github
2025-08-13 06:53:27 Success.
2025-08-13 06:53:27 Latest version is 1.8.10
2025-08-13 06:53:27 App is up to date.
2025-08-13 07:53:27 Checking for update using Github
2025-08-13 07:53:27 Success.
2025-08-13 07:53:27 Latest version is 1.8.10
2025-08-13 07:53:27 App is up to date.
2025-08-13 17:09:37 Checking for update using Github
2025-08-13 17:09:37 Success.
2025-08-13 17:09:37 Latest version is 1.8.10
2025-08-13 17:09:37 App is up to date.
2025-08-13 18:10:41 Checking for update using Github
2025-08-13 18:10:41 Success.
2025-08-13 18:10:41 Latest version is 1.8.10
2025-08-13 18:10:41 App is up to date.
2025-08-13 19:14:46 Checking for update using Github
2025-08-13 19:14:46 Success.
2025-08-13 19:14:46 Latest version is 1.8.10
2025-08-13 19:14:46 App is up to date.
2025-08-13 20:32:59 Checking for update using Github
2025-08-13 20:32:59 Success.
2025-08-13 20:32:59 Latest version is 1.8.10
2025-08-13 20:32:59 App is up to date.
2025-08-13 21:33:03 Checking for update using Github
2025-08-13 21:33:03 Success.
2025-08-13 21:33:03 Latest version is 1.8.10
2025-08-13 21:33:03 App is up to date.
2025-08-13 22:33:03 Checking for update using Github
2025-08-13 22:33:03 Success.
2025-08-13 22:33:03 Latest version is 1.8.10
2025-08-13 22:33:03 App is up to date.
2025-08-13 23:33:03 Checking for update using Github
2025-08-13 23:33:03 Success.
2025-08-13 23:33:03 Latest version is 1.8.10
2025-08-13 23:33:03 App is up to date.
2025-09-06 15:06:09 Loading main app package /usr/lib/obsidian/obsidian.asar
2025-09-06 15:06:09 Checking for update using Github
2025-09-06 15:06:10 Success.
2025-09-06 15:06:10 Latest version is 1.9.12
2025-09-06 15:06:10 App is up to date.
2025-09-06 15:28:04 Loading main app package /usr/lib/obsidian/obsidian.asar
2025-09-06 15:28:05 Checking for update using Github
2025-09-06 15:28:05 Success.
2025-09-06 15:28:05 Latest version is 1.9.12
2025-09-06 15:28:05 App is up to date.
2025-09-06 16:28:04 Checking for update using Github
2025-09-06 16:28:05 Success.
2025-09-06 16:28:05 Latest version is 1.9.12
2025-09-06 16:28:05 App is up to date.
2025-09-06 17:28:04 Checking for update using Github
2025-09-06 17:28:05 Success.
2025-09-06 17:28:05 Latest version is 1.9.12
2025-09-06 17:28:05 App is up to date.
2025-09-06 19:11:45 Checking for update using Github
2025-09-06 19:11:45 Success.
2025-09-06 19:11:45 Latest version is 1.9.12
2025-09-06 19:11:45 App is up to date.
2025-09-07 13:27:28 Checking for update using Github
2025-09-07 13:27:28 Success.
2025-09-07 13:27:28 Latest version is 1.9.12
2025-09-07 13:27:28 App is up to date.
2025-09-07 14:27:28 Checking for update using Github
2025-09-07 14:27:28 Success.
2025-09-07 14:27:28 Latest version is 1.9.12
2025-09-07 14:27:28 App is up to date.
2025-09-07 14:51:26 Loading main app package /usr/lib/obsidian/obsidian.asar
2025-09-07 14:51:26 Checking for update using Github
2025-09-07 14:51:33 Loading main app package /usr/lib/obsidian/obsidian.asar
2025-09-07 14:51:33 Checking for update using Github
2025-09-07 16:02:09 Checking for update using Github
2025-09-07 16:02:09 Success.
2025-09-07 16:02:09 Latest version is 1.9.12
2025-09-07 16:02:09 App is up to date.
2025-09-08 00:36:06 Checking for update using Github
2025-09-08 00:36:06 Success.
2025-09-08 00:36:06 Latest version is 1.9.12
2025-09-08 00:36:06 App is up to date.
2025-09-08 15:11:22 Checking for update using Github
2025-09-08 15:11:22 Success.
2025-09-08 15:11:22 Latest version is 1.9.12
2025-09-08 15:11:22 App is up to date.
2025-09-08 16:11:22 Checking for update using Github
2025-09-08 16:11:23 Success.
2025-09-08 16:11:23 Latest version is 1.9.12
2025-09-08 16:11:23 App is up to date.
2025-09-08 18:19:53 Checking for update using Github
2025-09-08 18:19:53 Success.
2025-09-08 18:19:53 Latest version is 1.9.12
2025-09-08 18:19:53 App is up to date.
2025-09-12 18:02:46 Loading main app package /usr/lib/obsidian/obsidian.asar
2025-09-12 18:02:46 Checking for update using Github
2025-09-12 18:02:46 Success.
2025-09-12 18:02:46 Latest version is 1.9.12
2025-09-12 18:02:46 App is up to date.
2025-09-12 19:02:45 Checking for update using Github
2025-09-12 19:02:45 Success.
2025-09-12 19:02:45 Latest version is 1.9.12
2025-09-12 19:02:45 App is up to date.
2025-09-14 19:31:54 Checking for update using Github
2025-09-14 19:31:54 Success.
2025-09-14 19:31:54 Latest version is 1.9.12
2025-09-14 19:31:54 App is up to date.
2025-09-14 20:31:53 Checking for update using Github
2025-09-14 20:31:54 Success.
2025-09-14 20:31:54 Latest version is 1.9.12
2025-09-14 20:31:54 App is up to date.
2025-09-14 21:31:53 Checking for update using Github
2025-09-14 21:31:59 Success.
2025-09-14 21:31:59 Latest version is 1.9.12
2025-09-14 21:31:59 App is up to date.
2025-09-14 22:35:39 Checking for update using Github
2025-09-14 22:35:39 Success.
2025-09-14 22:35:39 Latest version is 1.9.12
2025-09-14 22:35:39 App is up to date.
2025-09-15 19:10:22 Checking for update using Github
2025-09-15 19:10:22 Success.
2025-09-15 19:10:22 Latest version is 1.9.12
2025-09-15 19:10:22 App is up to date.
2025-09-15 20:10:22 Checking for update using Github
2025-09-15 20:10:22 Success.
2025-09-15 20:10:22 Latest version is 1.9.12
2025-09-15 20:10:22 App is up to date.
2025-09-15 22:28:50 Checking for update using Github
2025-09-15 22:28:50 Success.
2025-09-15 22:28:50 Latest version is 1.9.12
2025-09-15 22:28:50 App is up to date.
2025-09-16 00:21:27 Checking for update using Github
2025-09-16 00:21:27 Success.
2025-09-16 00:21:27 Latest version is 1.9.12
2025-09-16 00:21:27 App is up to date.
2025-09-16 01:21:27 Checking for update using Github
2025-09-16 01:21:27 Success.
2025-09-16 01:21:27 Latest version is 1.9.12
2025-09-16 01:21:27 App is up to date.
2025-09-16 04:27:11 Checking for update using Github
2025-09-16 04:27:12 Success.
2025-09-16 04:27:12 Latest version is 1.9.12
2025-09-16 04:27:12 App is up to date.
2025-09-16 05:27:12 Checking for update using Github
2025-09-16 05:27:12 Success.
2025-09-16 05:27:12 Latest version is 1.9.12
2025-09-16 05:27:12 App is up to date.
2025-09-16 19:59:12 Checking for update using Github
2025-09-16 19:59:12 Success.
2025-09-16 19:59:12 Latest version is 1.9.12
2025-09-16 19:59:12 App is up to date.
2025-09-16 20:59:12 Checking for update using Github
2025-09-16 20:59:12 Success.
2025-09-16 20:59:12 Latest version is 1.9.12
2025-09-16 20:59:12 App is up to date.
2025-09-16 23:01:21 Checking for update using Github
2025-09-16 23:01:21 Success.
2025-09-16 23:01:21 Latest version is 1.9.12
2025-09-16 23:01:21 App is up to date.
2025-09-17 00:47:33 Checking for update using Github
2025-09-17 00:47:33 Success.
2025-09-17 00:47:33 Latest version is 1.9.12
2025-09-17 00:47:33 App is up to date.
2025-09-17 05:05:09 Checking for update using Github
2025-09-17 05:05:09 Success.
2025-09-17 05:05:09 Latest version is 1.9.12
2025-09-17 05:05:09 App is up to date.
2025-09-17 21:53:15 Checking for update using Github
2025-09-17 21:53:15 Success.
2025-09-17 21:53:15 Latest version is 1.9.12
2025-09-17 21:53:15 App is up to date.
2025-09-18 03:53:49 Checking for update using Github
2025-09-18 03:53:50 Success.
2025-09-18 03:53:50 Latest version is 1.9.12
2025-09-18 03:53:50 App is up to date.
2025-09-18 04:53:50 Checking for update using Github
2025-09-18 04:53:50 Success.
2025-09-18 04:53:50 Latest version is 1.9.12
2025-09-18 04:53:50 App is up to date.
2025-09-18 19:23:22 Checking for update using Github
2025-09-18 19:23:22 Success.
2025-09-18 19:23:22 Latest version is 1.9.12
2025-09-18 19:23:22 App is up to date.
2025-09-18 20:34:30 Checking for update using Github
2025-09-18 20:34:30 Success.
2025-09-18 20:34:30 Latest version is 1.9.12
2025-09-18 20:34:30 App is up to date.
2025-09-18 22:36:58 Checking for update using Github
2025-09-18 22:36:58 Success.
2025-09-18 22:36:58 Latest version is 1.9.12
2025-09-18 22:36:58 App is up to date.
2025-09-19 04:04:15 Checking for update using Github
2025-09-19 04:04:15 Success.
2025-09-19 04:04:15 Latest version is 1.9.12
2025-09-19 04:04:15 App is up to date.
2025-09-19 21:59:00 Checking for update using Github
2025-09-19 21:59:00 Success.
2025-09-19 21:59:00 Latest version is 1.9.12
2025-09-19 21:59:00 App is up to date.
2025-09-20 04:32:06 Loading main app package /usr/lib/obsidian/obsidian.asar
2025-09-20 04:32:06 Checking for update using Github
2025-09-20 04:32:06 Success.
2025-09-20 04:32:06 Latest version is 1.9.12
2025-09-20 04:32:06 App is up to date.
2025-09-20 19:37:04 Checking for update using Github
2025-09-20 19:37:04 Success.
2025-09-20 19:37:04 Latest version is 1.9.12
2025-09-20 19:37:04 App is up to date.
2025-09-20 23:10:09 Checking for update using Github
2025-09-20 23:10:09 Success.
2025-09-20 23:10:09 Latest version is 1.9.12
2025-09-20 23:10:09 App is up to date.
2025-09-21 00:10:09 Checking for update using Github
2025-09-21 00:10:09 Success.
2025-09-21 00:10:09 Latest version is 1.9.12
2025-09-21 00:10:09 App is up to date.
2025-09-22 00:22:35 Checking for update using Github
2025-09-22 00:22:35 Success.
2025-09-22 00:22:35 Latest version is 1.9.12
2025-09-22 00:22:35 App is up to date.
2025-09-22 19:24:47 Checking for update using Github
2025-09-22 19:24:47 Success.
2025-09-22 19:24:47 Latest version is 1.9.12
2025-09-22 19:24:47 App is up to date.
2025-09-22 20:24:47 Checking for update using Github
2025-09-22 20:24:48 Success.
2025-09-22 20:24:48 Latest version is 1.9.12
2025-09-22 20:24:48 App is up to date.
2025-09-22 21:24:47 Checking for update using Github
2025-09-22 21:24:48 Success.
2025-09-22 21:24:48 Latest version is 1.9.12
2025-09-22 21:24:48 App is up to date.
2025-09-22 23:12:24 Checking for update using Github
2025-09-22 23:12:24 Success.
2025-09-22 23:12:24 Latest version is 1.9.12
2025-09-22 23:12:24 App is up to date.
2025-09-22 23:52:32 Loading main app package /usr/lib/obsidian/obsidian.asar
2025-09-22 23:52:32 Checking for update using Github
2025-09-22 23:52:32 Success.
2025-09-22 23:52:32 Latest version is 1.9.12
2025-09-22 23:52:32 App is up to date.
2025-09-23 19:33:12 Checking for update using Github
2025-09-23 19:33:12 Success.
2025-09-23 19:33:12 Latest version is 1.9.12
2025-09-23 19:33:12 App is up to date.
2025-09-23 20:37:38 Checking for update using Github
2025-09-23 20:37:38 Success.
2025-09-23 20:37:38 Latest version is 1.9.12
2025-09-23 20:37:38 App is up to date.
2025-09-23 22:35:54 Loading main app package /usr/lib/obsidian/obsidian.asar
2025-09-23 22:35:54 Checking for update using Github
2025-09-23 22:35:55 Success.
2025-09-23 22:35:55 Latest version is 1.9.12
2025-09-23 22:35:55 App is up to date.
2025-09-24 00:51:27 Checking for update using Github
2025-09-24 00:51:27 Success.
2025-09-24 00:51:27 Latest version is 1.9.12
2025-09-24 00:51:27 App is up to date.
2025-09-24 03:17:14 Loading main app package /usr/lib/obsidian/obsidian.asar
2025-09-24 03:17:16 Checking for update using Github
2025-09-24 03:17:18 Success.
2025-09-24 03:17:18 Latest version is 1.9.12
2025-09-24 03:17:18 App is up to date.
2025-09-24 04:25:03 Checking for update using Github
2025-09-24 04:25:03 Success.
2025-09-24 04:25:03 Latest version is 1.9.12
2025-09-24 04:25:03 App is up to date.
2025-09-24 05:25:03 Checking for update using Github
2025-09-24 05:25:04 Success.
2025-09-24 05:25:04 Latest version is 1.9.12
2025-09-24 05:25:04 App is up to date.
2025-09-25 03:11:20 Checking for update using Github
2025-09-25 03:11:20 Success.
2025-09-25 03:11:20 Latest version is 1.9.12
2025-09-25 03:11:20 App is up to date.
2025-09-25 04:11:20 Checking for update using Github
2025-09-25 04:11:21 Success.
2025-09-25 04:11:21 Latest version is 1.9.12
2025-09-25 04:11:21 App is up to date.
2025-09-25 06:44:46 Checking for update using Github
2025-09-25 06:44:46 Success.
2025-09-25 06:44:46 Latest version is 1.9.12
2025-09-25 06:44:46 App is up to date.
2025-09-25 18:53:30 Checking for update using Github
2025-09-25 18:53:30 Success.
2025-09-25 18:53:30 Latest version is 1.9.12
2025-09-25 18:53:30 App is up to date.
2025-09-25 19:53:31 Checking for update using Github
2025-09-25 19:53:31 Success.
2025-09-25 19:53:31 Latest version is 1.9.12
2025-09-25 19:53:31 App is up to date.
2025-09-25 20:53:31 Checking for update using Github
2025-09-25 20:53:31 Success.
2025-09-25 20:53:31 Latest version is 1.9.12
2025-09-25 20:53:31 App is up to date.
2025-09-25 21:53:31 Checking for update using Github
2025-09-25 21:53:31 Success.
2025-09-25 21:53:31 Latest version is 1.9.12
2025-09-25 21:53:31 App is up to date.
2025-09-25 22:53:31 Checking for update using Github
2025-09-25 22:53:31 Success.
2025-09-25 22:53:31 Latest version is 1.9.12
2025-09-25 22:53:31 App is up to date.
2025-09-25 23:53:31 Checking for update using Github
2025-09-25 23:53:31 Success.
2025-09-25 23:53:31 Latest version is 1.9.12
2025-09-25 23:53:31 App is up to date.
2025-09-26 00:53:31 Checking for update using Github
2025-09-26 00:53:31 Success.
2025-09-26 00:53:31 Latest version is 1.9.12
2025-09-26 00:53:31 App is up to date.
2025-09-26 02:40:39 Checking for update using Github
2025-09-26 02:40:39 Success.
2025-09-26 02:40:39 Latest version is 1.9.12
2025-09-26 02:40:39 App is up to date.
2025-09-26 03:40:39 Checking for update using Github
2025-09-26 03:40:39 Success.
2025-09-26 03:40:39 Latest version is 1.9.12
2025-09-26 03:40:39 App is up to date.
2025-09-26 04:47:31 Checking for update using Github
2025-09-26 04:47:31 Success.
2025-09-26 04:47:31 Latest version is 1.9.12
2025-09-26 04:47:31 App is up to date.
2025-09-26 05:47:32 Checking for update using Github
2025-09-26 05:47:32 Success.
2025-09-26 05:47:32 Latest version is 1.9.12
2025-09-26 05:47:32 App is up to date.
2025-09-26 06:47:32 Checking for update using Github
2025-09-26 06:47:32 Success.
2025-09-26 06:47:32 Latest version is 1.9.12
2025-09-26 06:47:32 App is up to date.
2025-09-26 07:47:32 Checking for update using Github
2025-09-26 07:47:32 Success.
2025-09-26 07:47:32 Latest version is 1.9.12
2025-09-26 07:47:32 App is up to date.
2025-09-26 22:06:42 Checking for update using Github
2025-09-26 22:06:42 Success.
2025-09-26 22:06:42 Latest version is 1.9.12
2025-09-26 22:06:42 App is up to date.
2025-09-26 23:52:06 Loading main app package /usr/lib/obsidian/obsidian.asar
2025-09-26 23:52:06 Checking for update using Github
2025-09-26 23:52:07 Success.
2025-09-26 23:52:07 Latest version is 1.9.12
2025-09-26 23:52:07 App is up to date.
2025-09-27 00:59:16 Checking for update using Github
2025-09-27 00:59:16 Success.
2025-09-27 00:59:16 Latest version is 1.9.12
2025-09-27 00:59:16 App is up to date.
2025-09-27 21:22:44 Checking for update using Github
2025-09-27 21:22:44 Success.
2025-09-27 21:22:44 Latest version is 1.9.12
2025-09-27 21:22:44 App is up to date.
2025-09-29 20:39:39 Checking for update using Github
2025-09-29 20:39:40 Success.
2025-09-29 20:39:40 Latest version is 1.9.12
2025-09-29 20:39:40 App is up to date.
2025-09-30 21:30:16 Checking for update using Github
2025-09-30 21:30:16 Success.
2025-09-30 21:30:16 Latest version is 1.9.12
2025-09-30 21:30:16 App is up to date.
2025-10-01 00:51:47 Checking for update using Github
2025-10-01 00:51:48 Success.
2025-10-01 00:51:48 Latest version is 1.9.12
2025-10-01 00:51:48 App is up to date.
2025-10-01 01:51:47 Checking for update using Github
2025-10-01 01:51:47 Failed to check for update using Github (net::ERR_NAME_NOT_RESOLVED)
2025-10-01 01:51:47 Checking for update using obsidian.md
2025-10-01 01:51:47 Failed to check for update using obsidian.md (net::ERR_NAME_NOT_RESOLVED)
2025-10-01 23:56:08 Loading main app package /usr/lib/obsidian/obsidian.asar
2025-10-01 23:56:08 Checking for update using Github
2025-10-01 23:56:08 Success.
2025-10-01 23:56:08 Latest version is 1.9.14
2025-10-01 23:56:08 Downloading update from https://github.com/obsidianmd/obsidian-releases/releases/download/v1.9.14/obsidian-1.9.14.asar.gz
2025-10-01 23:56:09 Verifying hash & signature. Size= 9033685
2025-10-01 23:56:09 Saving file
2025-10-01 23:56:10 Update complete.
2025-10-02 00:56:08 Checking for update using Github
2025-10-02 00:56:08 Success.
2025-10-02 00:56:08 Latest version is 1.9.14
2025-10-02 00:56:08 An update is already downloaded.
2025-10-02 01:56:08 Checking for update using Github
2025-10-02 01:56:08 Success.
2025-10-02 01:56:08 Latest version is 1.9.14
2025-10-02 01:56:08 An update is already downloaded.
2025-10-02 02:56:08 Checking for update using Github
2025-10-02 02:56:08 Success.
2025-10-02 02:56:08 Latest version is 1.9.14
2025-10-02 02:56:08 An update is already downloaded.
2025-10-02 07:32:56 Checking for update using Github
2025-10-02 07:32:57 Success.
2025-10-02 07:32:57 Latest version is 1.9.14
2025-10-02 07:32:57 An update is already downloaded.
2025-10-02 20:01:36 Checking for update using Github
2025-10-02 20:01:36 Success.
2025-10-02 20:01:36 Latest version is 1.9.14
2025-10-02 20:01:36 An update is already downloaded.
2025-10-02 22:56:20 Checking for update using Github
2025-10-02 22:56:20 Success.
2025-10-02 22:56:20 Latest version is 1.9.14
2025-10-02 22:56:20 An update is already downloaded.
2025-10-02 23:56:20 Checking for update using Github
2025-10-02 23:56:20 Success.
2025-10-02 23:56:20 Latest version is 1.9.14
2025-10-02 23:56:20 An update is already downloaded.
2025-10-03 00:56:20 Checking for update using Github
2025-10-03 00:56:20 Success.
2025-10-03 00:56:20 Latest version is 1.9.14
2025-10-03 00:56:20 An update is already downloaded.
2025-10-03 01:56:20 Checking for update using Github
2025-10-03 01:56:20 Success.
2025-10-03 01:56:20 Latest version is 1.9.14
2025-10-03 01:56:20 An update is already downloaded.
2025-10-03 03:44:16 Checking for update using Github
2025-10-03 03:44:16 Success.
2025-10-03 03:44:16 Latest version is 1.9.14
2025-10-03 03:44:16 An update is already downloaded.
2025-10-03 04:44:16 Checking for update using Github
2025-10-03 04:44:16 Success.
2025-10-03 04:44:16 Latest version is 1.9.14
2025-10-03 04:44:16 An update is already downloaded.
2025-10-03 05:44:16 Checking for update using Github
2025-10-03 05:44:16 Success.
2025-10-03 05:44:16 Latest version is 1.9.14
2025-10-03 05:44:16 An update is already downloaded.
2025-10-03 07:43:44 Checking for update using Github
2025-10-03 07:43:44 Success.
2025-10-03 07:43:44 Latest version is 1.9.14
2025-10-03 07:43:44 An update is already downloaded.
2025-10-03 20:58:54 Checking for update using Github
2025-10-03 20:58:54 Success.
2025-10-03 20:58:54 Latest version is 1.9.14
2025-10-03 20:58:54 An update is already downloaded.
2025-10-03 22:03:25 Checking for update using Github
2025-10-03 22:03:25 Success.
2025-10-03 22:03:25 Latest version is 1.9.14
2025-10-03 22:03:25 An update is already downloaded.
2025-10-03 23:03:26 Checking for update using Github
2025-10-03 23:03:26 Success.
2025-10-03 23:03:26 Latest version is 1.9.14
2025-10-03 23:03:26 An update is already downloaded.
2025-10-07 04:01:22 Loading updated app package /home/brendan/.config/obsidian/obsidian-1.9.14.asar
2025-10-07 04:01:22 Checking for update using Github
2025-10-07 04:01:23 Success.
2025-10-07 04:01:23 Latest version is 1.9.14
2025-10-07 04:01:23 App is up to date.
2025-10-07 05:01:22 Checking for update using Github
2025-10-07 05:01:22 Success.
2025-10-07 05:01:22 Latest version is 1.9.14
2025-10-07 05:01:22 App is up to date.
2025-10-07 06:06:41 Checking for update using Github
2025-10-07 06:06:41 Success.
2025-10-07 06:06:41 Latest version is 1.9.14
2025-10-07 06:06:41 App is up to date.
2025-10-07 07:06:41 Checking for update using Github
2025-10-07 07:06:41 Success.
2025-10-07 07:06:41 Latest version is 1.9.14
2025-10-07 07:06:41 App is up to date.
2025-10-07 19:22:49 Loading updated app package /home/brendan/.config/obsidian/obsidian-1.9.14.asar
2025-10-07 19:22:50 Checking for update using Github
2025-10-07 19:22:50 Success.
2025-10-07 19:22:50 Latest version is 1.9.14
2025-10-07 19:22:50 App is up to date.
2025-10-07 20:22:49 Checking for update using Github
2025-10-07 20:22:50 Success.
2025-10-07 20:22:50 Latest version is 1.9.14
2025-10-07 20:22:50 App is up to date.
2025-10-07 21:34:26 Checking for update using Github
2025-10-07 21:34:26 Success.
2025-10-07 21:34:26 Latest version is 1.9.14
2025-10-07 21:34:26 App is up to date.
2025-10-07 22:43:03 Checking for update using Github
2025-10-07 22:43:03 Success.
2025-10-07 22:43:03 Latest version is 1.9.14
2025-10-07 22:43:03 App is up to date.
2025-10-08 06:42:26 Loading updated app package /home/brendan/.config/obsidian/obsidian-1.9.14.asar
2025-10-08 06:42:27 Checking for update using Github
2025-10-08 06:42:27 Success.
2025-10-08 06:42:27 Latest version is 1.9.14
2025-10-08 06:42:27 App is up to date.
2025-10-08 07:42:26 Checking for update using Github
2025-10-08 07:42:26 Success.
2025-10-08 07:42:26 Latest version is 1.9.14
2025-10-08 07:42:26 App is up to date.
2025-10-08 20:01:33 Loading updated app package /home/brendan/.config/obsidian/obsidian-1.9.14.asar
2025-10-08 20:01:33 Checking for update using Github
2025-10-08 20:28:16 Checking for update using Github
2025-10-08 20:28:16 Success.
2025-10-08 20:28:16 Latest version is 1.9.14
2025-10-08 20:28:16 App is up to date.
2025-10-09 03:43:10 Loading updated app package /home/brendan/.config/obsidian/obsidian-1.9.14.asar
2025-10-09 03:43:11 Checking for update using Github
2025-10-09 03:43:11 Success.
2025-10-09 03:43:11 Latest version is 1.9.14
2025-10-09 03:43:11 App is up to date.
2025-10-09 19:10:21 Loading updated app package /home/brendan/.config/obsidian/obsidian-1.9.14.asar
2025-10-09 19:10:21 Checking for update using Github
2025-10-09 19:10:21 Success.
2025-10-09 19:10:21 Latest version is 1.9.14
2025-10-09 19:10:21 App is up to date.
2025-10-09 20:10:22 Checking for update using Github
2025-10-09 20:10:22 Success.
2025-10-09 20:10:22 Latest version is 1.9.14
2025-10-09 20:10:22 App is up to date.
2025-10-09 21:10:22 Checking for update using Github
2025-10-09 21:10:22 Success.
2025-10-09 21:10:22 Latest version is 1.9.14
2025-10-09 21:10:22 App is up to date.
2025-10-09 22:10:22 Checking for update using Github
2025-10-09 22:10:22 Success.
2025-10-09 22:10:22 Latest version is 1.9.14
2025-10-09 22:10:22 App is up to date.
2025-10-10 00:28:19 Checking for update using Github
2025-10-10 00:28:19 Success.
2025-10-10 00:28:19 Latest version is 1.9.14
2025-10-10 00:28:19 App is up to date.
2025-10-10 01:28:19 Checking for update using Github
2025-10-10 01:28:19 Success.
2025-10-10 01:28:19 Latest version is 1.9.14
2025-10-10 01:28:19 App is up to date.
2025-10-10 02:28:59 Checking for update using Github
2025-10-10 02:28:59 Success.
2025-10-10 02:28:59 Latest version is 1.9.14
2025-10-10 02:28:59 App is up to date.
2025-10-10 03:28:59 Checking for update using Github
2025-10-10 03:28:59 Success.
2025-10-10 03:28:59 Latest version is 1.9.14
2025-10-10 03:28:59 App is up to date.
2025-10-10 04:28:59 Checking for update using Github
2025-10-10 04:28:59 Success.
2025-10-10 04:28:59 Latest version is 1.9.14
2025-10-10 04:28:59 App is up to date.
2025-10-10 05:28:59 Checking for update using Github
2025-10-10 05:28:59 Success.
2025-10-10 05:28:59 Latest version is 1.9.14
2025-10-10 05:28:59 App is up to date.
2025-10-10 06:28:59 Checking for update using Github
2025-10-10 06:28:59 Success.
2025-10-10 06:28:59 Latest version is 1.9.14
2025-10-10 06:28:59 App is up to date.
2025-10-10 07:28:59 Checking for update using Github
2025-10-10 07:28:59 Success.
2025-10-10 07:28:59 Latest version is 1.9.14
2025-10-10 07:28:59 App is up to date.
2025-10-10 20:55:10 Checking for update using Github
2025-10-10 20:55:10 Success.
2025-10-10 20:55:10 Latest version is 1.9.14
2025-10-10 20:55:10 App is up to date.
2025-10-10 22:01:52 Checking for update using Github
2025-10-10 22:01:52 Success.
2025-10-10 22:01:52 Latest version is 1.9.14
2025-10-10 22:01:52 App is up to date.
2025-10-10 23:01:52 Checking for update using Github
2025-10-10 23:01:52 Success.
2025-10-10 23:01:52 Latest version is 1.9.14
2025-10-10 23:01:52 App is up to date.
2025-10-11 00:01:52 Checking for update using Github
2025-10-11 00:01:52 Success.
2025-10-11 00:01:52 Latest version is 1.9.14
2025-10-11 00:01:52 App is up to date.
2025-10-11 01:01:52 Checking for update using Github
2025-10-11 01:01:52 Success.
2025-10-11 01:01:52 Latest version is 1.9.14
2025-10-11 01:01:52 App is up to date.
2025-10-11 02:01:52 Checking for update using Github
2025-10-11 02:01:52 Success.
2025-10-11 02:01:52 Latest version is 1.9.14
2025-10-11 02:01:52 App is up to date.
2025-10-13 00:56:49 Loading main app package /usr/lib/obsidian/obsidian.asar
2025-10-13 00:56:49 Checking for update using Github
2025-10-13 00:56:54 Success.
2025-10-13 00:56:54 Latest version is 1.9.14
2025-10-13 00:56:54 App is up to date.
2025-10-13 01:07:14 Loading main app package /usr/lib/obsidian/obsidian.asar
2025-10-13 01:07:15 Checking for update using Github
2025-10-13 01:07:15 Success.
2025-10-13 01:07:15 Latest version is 1.9.14
2025-10-13 01:07:15 App is up to date.
2025-10-13 01:08:32 Loading main app package /usr/lib/obsidian/obsidian.asar
2025-10-13 01:08:32 Checking for update using Github
2025-10-13 01:08:32 Success.
2025-10-13 01:08:32 Latest version is 1.9.14
2025-10-13 01:08:32 App is up to date.
2025-10-13 01:09:31 Loading main app package /usr/lib/obsidian/obsidian.asar
2025-10-13 01:09:31 Checking for update using Github
2025-10-13 01:09:32 Success.
2025-10-13 01:09:32 Latest version is 1.9.14
2025-10-13 01:09:32 App is up to date.
2025-10-13 03:22:08 Loading main app package /usr/lib/obsidian/obsidian.asar
2025-10-13 03:22:08 Checking for update using Github
2025-10-13 03:22:13 Success.
2025-10-13 03:22:13 Latest version is 1.9.14
2025-10-13 03:22:13 App is up to date.
2025-10-13 04:22:08 Checking for update using Github
2025-10-13 04:22:08 Success.
2025-10-13 04:22:08 Latest version is 1.9.14
2025-10-13 04:22:08 App is up to date.
2025-10-13 18:07:17 Loading main app package /usr/lib/obsidian/obsidian.asar
2025-10-13 18:07:17 Checking for update using Github
2025-10-13 18:07:18 Success.
2025-10-13 18:07:18 Latest version is 1.9.14
2025-10-13 18:07:18 App is up to date.
2025-10-14 01:36:46 Checking for update using Github
2025-10-14 01:36:46 Success.
2025-10-14 01:36:46 Latest version is 1.9.14
2025-10-14 01:36:46 App is up to date.
2025-10-14 03:51:48 Checking for update using Github
2025-10-14 03:51:48 Success.
2025-10-14 03:51:48 Latest version is 1.9.14
2025-10-14 03:51:48 App is up to date.
2025-10-14 04:51:48 Checking for update using Github
2025-10-14 04:51:48 Success.
2025-10-14 04:51:48 Latest version is 1.9.14
2025-10-14 04:51:48 App is up to date.
2025-10-14 05:51:48 Checking for update using Github
2025-10-14 05:51:48 Success.
2025-10-14 05:51:48 Latest version is 1.9.14
2025-10-14 05:51:48 App is up to date.
2025-10-14 06:51:48 Checking for update using Github
2025-10-14 06:51:48 Success.
2025-10-14 06:51:48 Latest version is 1.9.14
2025-10-14 06:51:48 App is up to date.
2025-10-14 17:50:29 Loading main app package /usr/lib/obsidian/obsidian.asar
2025-10-14 17:50:29 Checking for update using Github
2025-10-14 17:50:29 Success.
2025-10-14 17:50:29 Latest version is 1.9.14
2025-10-14 17:50:29 App is up to date.
2025-10-14 17:50:41 Loading main app package /usr/lib/obsidian/obsidian.asar
2025-10-14 17:50:41 Checking for update using Github
2025-10-14 17:50:41 Success.
2025-10-14 17:50:41 Latest version is 1.9.14
2025-10-14 17:50:41 App is up to date.
2025-10-14 17:52:47 Loading main app package /usr/lib/obsidian/obsidian.asar
2025-10-14 17:52:47 Checking for update using Github
2025-10-14 17:52:47 Success.
2025-10-14 17:52:47 Latest version is 1.9.14
2025-10-14 17:52:47 App is up to date.
2025-10-14 19:31:01 Checking for update using Github
2025-10-14 19:31:01 Success.
2025-10-14 19:31:01 Latest version is 1.9.14
2025-10-14 19:31:01 App is up to date.
2025-10-14 20:31:02 Checking for update using Github
2025-10-14 20:31:03 Success.
2025-10-14 20:31:03 Latest version is 1.9.14
2025-10-14 20:31:03 App is up to date.
2025-10-14 20:58:35 Loading main app package /usr/lib/obsidian/obsidian.asar
2025-10-14 20:58:36 Checking for update using Github
2025-10-14 20:58:36 Success.
2025-10-14 20:58:36 Latest version is 1.9.14
2025-10-14 20:58:36 App is up to date.
2025-10-14 22:33:17 Checking for update using Github
2025-10-14 22:33:17 Success.
2025-10-14 22:33:17 Latest version is 1.9.14
2025-10-14 22:33:17 App is up to date.
2025-10-15 00:52:51 Checking for update using Github
2025-10-15 00:52:51 Success.
2025-10-15 00:52:51 Latest version is 1.9.14
2025-10-15 00:52:51 App is up to date.
2025-10-15 01:00:38 Loading main app package /usr/lib/obsidian/obsidian.asar
2025-10-15 01:00:38 Checking for update using Github
2025-10-15 01:52:51 Checking for update using Github
2025-10-15 01:52:51 Success.
2025-10-15 01:52:51 Latest version is 1.9.14
2025-10-15 01:52:51 App is up to date.
2025-10-15 03:50:51 Checking for update using Github
2025-10-15 03:50:51 Success.
2025-10-15 03:50:51 Latest version is 1.9.14
2025-10-15 03:50:51 App is up to date.
2025-10-15 04:50:51 Checking for update using Github
2025-10-15 04:50:51 Success.
2025-10-15 04:50:51 Latest version is 1.9.14
2025-10-15 04:50:51 App is up to date.
2025-10-15 06:30:57 Checking for update using Github
2025-10-15 06:30:57 Success.
2025-10-15 06:30:57 Latest version is 1.9.14
2025-10-15 06:30:57 App is up to date.
2025-10-15 19:59:42 Checking for update using Github
2025-10-15 19:59:42 Success.
2025-10-15 19:59:42 Latest version is 1.9.14
2025-10-15 19:59:42 App is up to date.
2025-10-15 20:59:42 Checking for update using Github
2025-10-15 20:59:42 Success.
2025-10-15 20:59:42 Latest version is 1.9.14
2025-10-15 20:59:42 App is up to date.
2025-10-15 21:59:42 Checking for update using Github
2025-10-15 21:59:43 Success.
2025-10-15 21:59:43 Latest version is 1.9.14
2025-10-15 21:59:43 App is up to date.
2025-10-15 22:59:42 Checking for update using Github
2025-10-15 22:59:42 Success.
2025-10-15 22:59:42 Latest version is 1.9.14
2025-10-15 22:59:42 App is up to date.
2025-10-15 23:59:42 Checking for update using Github
2025-10-15 23:59:42 Success.
2025-10-15 23:59:42 Latest version is 1.9.14
2025-10-15 23:59:42 App is up to date.
2025-10-16 00:59:42 Checking for update using Github
2025-10-16 00:59:42 Success.
2025-10-16 00:59:42 Latest version is 1.9.14
2025-10-16 00:59:42 App is up to date.
2025-10-16 02:04:27 Checking for update using Github
2025-10-16 02:04:27 Success.
2025-10-16 02:04:27 Latest version is 1.9.14
2025-10-16 02:04:27 App is up to date.
2025-10-16 03:04:27 Checking for update using Github
2025-10-16 03:04:27 Success.
2025-10-16 03:04:27 Latest version is 1.9.14
2025-10-16 03:04:27 App is up to date.
2025-10-16 04:04:27 Checking for update using Github
2025-10-16 04:04:27 Success.
2025-10-16 04:04:27 Latest version is 1.9.14
2025-10-16 04:04:27 App is up to date.
2025-10-16 05:27:56 Checking for update using Github
2025-10-16 05:27:56 Success.
2025-10-16 05:27:56 Latest version is 1.9.14
2025-10-16 05:27:56 App is up to date.
2025-10-16 06:27:56 Checking for update using Github
2025-10-16 06:27:56 Success.
2025-10-16 06:27:56 Latest version is 1.9.14
2025-10-16 06:27:56 App is up to date.
2025-10-16 07:27:56 Checking for update using Github
2025-10-16 07:27:56 Success.
2025-10-16 07:27:56 Latest version is 1.9.14
2025-10-16 07:27:56 App is up to date.
2025-10-16 17:21:21 Checking for update using Github
2025-10-16 17:21:27 Success.
2025-10-16 17:21:27 Latest version is 1.9.14
2025-10-16 17:21:27 App is up to date.
2025-10-16 19:22:19 Checking for update using Github
2025-10-16 19:22:19 Success.
2025-10-16 19:22:19 Latest version is 1.9.14
2025-10-16 19:22:19 App is up to date.
2025-10-16 20:22:19 Checking for update using Github
2025-10-16 20:22:19 Success.
2025-10-16 20:22:19 Latest version is 1.9.14
2025-10-16 20:22:19 App is up to date.
2025-10-16 21:22:19 Checking for update using Github
2025-10-16 21:22:19 Success.
2025-10-16 21:22:19 Latest version is 1.9.14
2025-10-16 21:22:19 App is up to date.
2025-10-16 22:22:19 Checking for update using Github
2025-10-16 22:22:19 Success.
2025-10-16 22:22:19 Latest version is 1.9.14
2025-10-16 22:22:19 App is up to date.
2025-10-16 23:22:19 Checking for update using Github
2025-10-16 23:22:19 Success.
2025-10-16 23:22:19 Latest version is 1.9.14
2025-10-16 23:22:19 App is up to date.
2025-10-17 00:22:19 Checking for update using Github
2025-10-17 00:22:19 Success.
2025-10-17 00:22:19 Latest version is 1.9.14
2025-10-17 00:22:19 App is up to date.
2025-10-17 01:22:19 Checking for update using Github
2025-10-17 01:22:19 Success.
2025-10-17 01:22:19 Latest version is 1.9.14
2025-10-17 01:22:19 App is up to date.
2025-10-17 02:22:19 Checking for update using Github
2025-10-17 02:22:19 Success.
2025-10-17 02:22:19 Latest version is 1.9.14
2025-10-17 02:22:19 App is up to date.
2025-10-17 04:16:31 Loading main app package /usr/lib/obsidian/obsidian.asar
2025-10-17 04:16:32 Checking for update using Github
2025-10-17 04:16:37 Success.
2025-10-17 04:16:37 Latest version is 1.9.14
2025-10-17 04:16:37 App is up to date.
2025-10-17 05:06:06 Loading main app package /usr/lib/obsidian/obsidian.asar
2025-10-17 05:06:06 Checking for update using Github
2025-10-17 05:06:07 Success.
2025-10-17 05:06:07 Latest version is 1.9.14
2025-10-17 05:06:07 App is up to date.
2025-10-17 05:13:15 Loading main app package /usr/lib/obsidian/obsidian.asar
2025-10-17 05:13:15 Checking for update using Github
2025-10-17 05:18:18 Loading main app package /usr/lib/obsidian/obsidian.asar
2025-10-17 05:18:19 Checking for update using Github
2025-10-17 05:18:19 Success.
2025-10-17 05:18:19 Latest version is 1.9.14
2025-10-17 05:18:19 App is up to date.
2025-10-17 05:25:42 Loading main app package /usr/lib/obsidian/obsidian.asar
2025-10-17 05:25:42 Checking for update using Github
2025-10-17 05:25:42 Success.
2025-10-17 05:25:42 Latest version is 1.9.14
2025-10-17 05:25:42 App is up to date.
2025-10-17 05:25:54 Loading main app package /usr/lib/obsidian/obsidian.asar
2025-10-17 05:25:54 Checking for update using Github
2025-10-17 05:25:54 Success.
2025-10-17 05:25:54 Latest version is 1.9.14
2025-10-17 05:25:54 App is up to date.
2025-10-17 07:00:09 Checking for update using Github
2025-10-17 07:00:09 Success.
2025-10-17 07:00:09 Latest version is 1.9.14
2025-10-17 07:00:09 App is up to date.
2025-10-17 08:00:10 Checking for update using Github
2025-10-17 08:00:10 Success.
2025-10-17 08:00:10 Latest version is 1.9.14
2025-10-17 08:00:10 App is up to date.
2025-10-17 18:01:04 Checking for update using Github
2025-10-17 18:01:04 Success.
2025-10-17 18:01:04 Latest version is 1.9.14
2025-10-17 18:01:04 App is up to date.
2025-10-17 19:01:08 Checking for update using Github
2025-10-17 19:01:09 Success.
2025-10-17 19:01:09 Latest version is 1.9.14
2025-10-17 19:01:09 App is up to date.
2025-10-17 20:01:08 Checking for update using Github
2025-10-17 20:01:09 Success.
2025-10-17 20:01:09 Latest version is 1.9.14
2025-10-17 20:01:09 App is up to date.
2025-10-17 22:58:49 Checking for update using Github
2025-10-17 22:58:49 Success.
2025-10-17 22:58:49 Latest version is 1.9.14
2025-10-17 22:58:49 App is up to date.
2025-10-18 00:27:32 Checking for update using Github
2025-10-18 00:27:32 Success.
2025-10-18 00:27:32 Latest version is 1.9.14
2025-10-18 00:27:32 App is up to date.
2025-10-18 01:27:32 Checking for update using Github
2025-10-18 01:27:32 Success.
2025-10-18 01:27:32 Latest version is 1.9.14
2025-10-18 01:27:32 App is up to date.
2025-10-18 03:01:07 Checking for update using Github
2025-10-18 03:01:07 Success.
2025-10-18 03:01:07 Latest version is 1.9.14
2025-10-18 03:01:07 App is up to date.
2025-10-18 07:03:35 Checking for update using Github
2025-10-18 07:03:35 Success.
2025-10-18 07:03:35 Latest version is 1.9.14
2025-10-18 07:03:35 App is up to date.
2025-10-18 08:03:35 Checking for update using Github
2025-10-18 08:03:35 Success.
2025-10-18 08:03:35 Latest version is 1.9.14
2025-10-18 08:03:35 App is up to date.
2025-10-18 17:53:34 Checking for update using Github
2025-10-18 17:53:34 Success.
2025-10-18 17:53:34 Latest version is 1.9.14
2025-10-18 17:53:34 App is up to date.
2025-10-20 02:56:30 Loading main app package /usr/lib/obsidian/obsidian.asar
2025-10-20 02:56:30 Checking for update using Github
2025-10-20 02:56:30 Success.
2025-10-20 02:56:30 Latest version is 1.9.14
2025-10-20 02:56:30 App is up to date.
2025-10-20 03:00:29 Loading main app package /usr/lib/obsidian/obsidian.asar
2025-10-20 03:00:29 Checking for update using Github
2025-10-20 03:00:29 Success.
2025-10-20 03:00:29 Latest version is 1.9.14
2025-10-20 03:00:29 App is up to date.
2025-10-20 19:26:58 Loading main app package /usr/lib/obsidian/obsidian.asar
2025-10-20 19:26:58 Checking for update using Github
2025-10-20 19:26:59 Success.
2025-10-20 19:26:59 Latest version is 1.9.14
2025-10-20 19:26:59 App is up to date.
2025-10-22 00:32:45 Loading main app package /usr/lib/obsidian/obsidian.asar
2025-10-22 00:32:45 Checking for update using Github
2025-10-22 00:32:45 Success.
2025-10-22 00:32:45 Latest version is 1.9.14
2025-10-22 00:32:45 App is up to date.
2025-10-22 00:55:47 Loading main app package /usr/lib/obsidian/obsidian.asar
2025-10-22 00:55:47 Checking for update using Github
2025-10-22 01:34:10 Checking for update using Github
2025-10-22 01:34:10 Success.
2025-10-22 01:34:10 Latest version is 1.9.14
2025-10-22 01:34:10 App is up to date.
2025-10-22 04:16:09 Checking for update using Github
2025-10-22 04:16:09 Success.
2025-10-22 04:16:09 Latest version is 1.9.14
2025-10-22 04:16:09 App is up to date.
2025-10-22 05:16:09 Checking for update using Github
2025-10-22 05:16:09 Success.
2025-10-22 05:16:09 Latest version is 1.9.14
2025-10-22 05:16:09 App is up to date.
2025-10-22 06:16:09 Checking for update using Github
2025-10-22 06:16:09 Success.
2025-10-22 06:16:09 Latest version is 1.9.14
2025-10-22 06:16:09 App is up to date.
2025-10-22 18:43:02 Checking for update using Github
2025-10-22 18:43:02 Success.
2025-10-22 18:43:02 Latest version is 1.9.14
2025-10-22 18:43:02 App is up to date.
2025-10-22 19:43:02 Checking for update using Github
2025-10-22 19:43:02 Success.
2025-10-22 19:43:02 Latest version is 1.9.14
2025-10-22 19:43:02 App is up to date.
2025-10-22 20:43:02 Checking for update using Github
2025-10-22 20:43:02 Success.
2025-10-22 20:43:02 Latest version is 1.9.14
2025-10-22 20:43:02 App is up to date.
2025-10-22 22:14:59 Checking for update using Github
2025-10-22 22:14:59 Success.
2025-10-22 22:14:59 Latest version is 1.9.14
2025-10-22 22:14:59 App is up to date.
2025-10-22 23:15:00 Checking for update using Github
2025-10-22 23:15:00 Success.
2025-10-22 23:15:00 Latest version is 1.9.14
2025-10-22 23:15:00 App is up to date.
2025-10-23 00:47:34 Checking for update using Github
2025-10-23 00:47:34 Success.
2025-10-23 00:47:34 Latest version is 1.9.14
2025-10-23 00:47:34 App is up to date.
2025-10-23 01:47:34 Checking for update using Github
2025-10-23 01:47:34 Success.
2025-10-23 01:47:34 Latest version is 1.9.14
2025-10-23 01:47:34 App is up to date.
2025-10-23 02:47:34 Checking for update using Github
2025-10-23 02:47:34 Success.
2025-10-23 02:47:34 Latest version is 1.9.14
2025-10-23 02:47:34 App is up to date.
2025-10-23 03:47:34 Checking for update using Github
2025-10-23 03:47:34 Success.
2025-10-23 03:47:34 Latest version is 1.9.14
2025-10-23 03:47:34 App is up to date.
2025-10-23 04:55:45 Checking for update using Github
2025-10-23 04:55:45 Success.
2025-10-23 04:55:45 Latest version is 1.9.14
2025-10-23 04:55:45 App is up to date.
2025-10-23 18:16:59 Checking for update using Github
2025-10-23 18:16:59 Success.
2025-10-23 18:16:59 Latest version is 1.9.14
2025-10-23 18:16:59 App is up to date.
2025-10-23 19:16:59 Checking for update using Github
2025-10-23 19:16:59 Success.
2025-10-23 19:16:59 Latest version is 1.9.14
2025-10-23 19:16:59 App is up to date.
2025-10-23 20:16:59 Checking for update using Github
2025-10-23 20:16:59 Success.
2025-10-23 20:16:59 Latest version is 1.9.14
2025-10-23 20:16:59 App is up to date.
2025-10-23 23:47:50 Checking for update using Github
2025-10-23 23:47:50 Success.
2025-10-23 23:47:50 Latest version is 1.9.14
2025-10-23 23:47:50 App is up to date.
2025-10-24 00:49:07 Checking for update using Github
2025-10-24 00:49:07 Success.
2025-10-24 00:49:07 Latest version is 1.9.14
2025-10-24 00:49:07 App is up to date.
2025-10-24 01:49:07 Checking for update using Github
2025-10-24 01:49:07 Success.
2025-10-24 01:49:07 Latest version is 1.9.14
2025-10-24 01:49:07 App is up to date.
2025-10-24 02:49:07 Checking for update using Github
2025-10-24 02:49:07 Success.
2025-10-24 02:49:07 Latest version is 1.9.14
2025-10-24 02:49:07 App is up to date.
2025-10-24 20:21:35 Checking for update using Github
2025-10-24 20:21:35 Success.
2025-10-24 20:21:35 Latest version is 1.9.14
2025-10-24 20:21:35 App is up to date.
2025-10-24 21:21:45 Checking for update using Github
2025-10-24 21:21:45 Success.
2025-10-24 21:21:45 Latest version is 1.9.14
2025-10-24 21:21:45 App is up to date.
2025-10-24 22:21:45 Checking for update using Github
2025-10-24 22:21:45 Success.
2025-10-24 22:21:45 Latest version is 1.9.14
2025-10-24 22:21:45 App is up to date.
2025-10-25 23:25:22 Loading main app package /usr/lib/obsidian/obsidian.asar
2025-10-25 23:25:23 Checking for update using Github
2025-10-25 23:25:23 Success.
2025-10-25 23:25:23 Latest version is 1.9.14
2025-10-25 23:25:23 App is up to date.
2025-10-26 00:34:21 Checking for update using Github
2025-10-26 00:34:21 Success.
2025-10-26 00:34:21 Latest version is 1.9.14
2025-10-26 00:34:21 App is up to date.
2025-10-26 01:34:22 Checking for update using Github
2025-10-26 01:34:22 Success.
2025-10-26 01:34:22 Latest version is 1.9.14
2025-10-26 01:34:22 App is up to date.
2025-10-26 22:28:23 Checking for update using Github
2025-10-26 22:28:23 Success.
2025-10-26 22:28:23 Latest version is 1.9.14
2025-10-26 22:28:23 App is up to date.
2025-10-26 23:28:23 Checking for update using Github
2025-10-26 23:28:23 Success.
2025-10-26 23:28:23 Latest version is 1.9.14
2025-10-26 23:28:23 App is up to date.
2025-10-27 00:28:23 Checking for update using Github
2025-10-27 00:28:23 Success.
2025-10-27 00:28:23 Latest version is 1.9.14
2025-10-27 00:28:23 App is up to date.
2025-10-27 01:28:23 Checking for update using Github
2025-10-27 01:28:23 Success.
2025-10-27 01:28:23 Latest version is 1.9.14
2025-10-27 01:28:23 App is up to date.
2025-10-27 04:24:46 Checking for update using Github
2025-10-27 04:24:46 Success.
2025-10-27 04:24:46 Latest version is 1.9.14
2025-10-27 04:24:46 App is up to date.
2025-10-27 05:09:10 Loading main app package /usr/lib/obsidian/obsidian.asar
2025-10-27 05:09:10 Checking for update using Github
2025-10-27 05:09:10 Success.
2025-10-27 05:09:10 Latest version is 1.9.14
2025-10-27 05:09:10 App is up to date.
2025-10-27 06:09:10 Checking for update using Github
2025-10-27 06:09:10 Success.
2025-10-27 06:09:10 Latest version is 1.9.14
2025-10-27 06:09:10 App is up to date.
2025-10-27 07:30:59 Checking for update using Github
2025-10-27 07:30:59 Success.
2025-10-27 07:30:59 Latest version is 1.9.14
2025-10-27 07:30:59 App is up to date.
2025-10-27 08:31:00 Checking for update using Github
2025-10-27 08:31:00 Success.
2025-10-27 08:31:00 Latest version is 1.9.14
2025-10-27 08:31:00 App is up to date.
2025-10-27 16:34:55 Checking for update using Github
2025-10-27 16:34:55 Success.
2025-10-27 16:34:55 Latest version is 1.9.14
2025-10-27 16:34:55 App is up to date.
2025-10-27 17:34:55 Checking for update using Github
2025-10-27 17:34:55 Success.
2025-10-27 17:34:55 Latest version is 1.9.14
2025-10-27 17:34:55 App is up to date.
2025-10-27 18:34:55 Checking for update using Github
2025-10-27 18:34:55 Success.
2025-10-27 18:34:55 Latest version is 1.9.14
2025-10-27 18:34:55 App is up to date.
2025-10-27 19:34:55 Checking for update using Github
2025-10-27 19:34:55 Success.
2025-10-27 19:34:55 Latest version is 1.9.14
2025-10-27 19:34:55 App is up to date.
2025-10-27 20:34:55 Checking for update using Github
2025-10-27 20:34:55 Success.
2025-10-27 20:34:55 Latest version is 1.9.14
2025-10-27 20:34:55 App is up to date.
2025-10-27 21:34:55 Checking for update using Github
2025-10-27 21:34:55 Success.
2025-10-27 21:34:55 Latest version is 1.9.14
2025-10-27 21:34:55 App is up to date.
2025-10-27 22:51:54 Checking for update using Github
2025-10-27 22:51:54 Success.
2025-10-27 22:51:54 Latest version is 1.9.14
2025-10-27 22:51:54 App is up to date.
2025-10-27 23:51:55 Checking for update using Github
2025-10-27 23:51:55 Success.
2025-10-27 23:51:55 Latest version is 1.9.14
2025-10-27 23:51:55 App is up to date.
2025-10-28 00:51:55 Checking for update using Github
2025-10-28 00:51:55 Success.
2025-10-28 00:51:55 Latest version is 1.9.14
2025-10-28 00:51:55 App is up to date.
2025-10-28 01:51:55 Checking for update using Github
2025-10-28 01:51:55 Success.
2025-10-28 01:51:55 Latest version is 1.9.14
2025-10-28 01:51:55 App is up to date.
2025-10-28 02:56:26 Checking for update using Github
2025-10-28 02:56:26 Success.
2025-10-28 02:56:26 Latest version is 1.9.14
2025-10-28 02:56:26 App is up to date.
2025-10-28 04:39:52 Checking for update using Github
2025-10-28 04:39:52 Success.
2025-10-28 04:39:52 Latest version is 1.9.14
2025-10-28 04:39:52 App is up to date.
2025-10-28 05:39:52 Checking for update using Github
2025-10-28 05:39:53 Success.
2025-10-28 05:39:53 Latest version is 1.9.14
2025-10-28 05:39:53 App is up to date.
2025-10-28 06:39:52 Checking for update using Github
2025-10-28 06:39:53 Success.
2025-10-28 06:39:53 Latest version is 1.9.14
2025-10-28 06:39:53 App is up to date.
2025-10-28 17:35:19 Checking for update using Github
2025-10-28 17:35:19 Success.
2025-10-28 17:35:19 Latest version is 1.9.14
2025-10-28 17:35:19 App is up to date.
2025-10-28 22:41:16 Checking for update using Github
2025-10-28 22:41:16 Success.
2025-10-28 22:41:16 Latest version is 1.9.14
2025-10-28 22:41:16 App is up to date.
2025-10-28 23:41:16 Checking for update using Github
2025-10-28 23:41:16 Success.
2025-10-28 23:41:16 Latest version is 1.9.14
2025-10-28 23:41:16 App is up to date.
2025-10-29 00:41:16 Checking for update using Github
2025-10-29 00:41:16 Success.
2025-10-29 00:41:16 Latest version is 1.9.14
2025-10-29 00:41:16 App is up to date.
2025-10-29 01:41:16 Checking for update using Github
2025-10-29 01:41:16 Success.
2025-10-29 01:41:16 Latest version is 1.9.14
2025-10-29 01:41:16 App is up to date.
2025-10-29 02:41:16 Checking for update using Github
2025-10-29 02:41:16 Success.
2025-10-29 02:41:16 Latest version is 1.9.14
2025-10-29 02:41:16 App is up to date.
2025-10-29 03:41:16 Checking for update using Github
2025-10-29 03:41:17 Success.
2025-10-29 03:41:17 Latest version is 1.9.14
2025-10-29 03:41:17 App is up to date.
2025-10-29 15:50:15 Checking for update using Github
2025-10-29 15:50:15 Success.
2025-10-29 15:50:15 Latest version is 1.9.14
2025-10-29 15:50:15 App is up to date.
2025-10-29 16:50:15 Checking for update using Github
2025-10-29 16:50:15 Success.
2025-10-29 16:50:15 Latest version is 1.9.14
2025-10-29 16:50:15 App is up to date.
2025-10-29 17:50:15 Checking for update using Github
2025-10-29 17:50:16 Success.
2025-10-29 17:50:16 Latest version is 1.9.14
2025-10-29 17:50:16 App is up to date.
2025-10-29 19:14:31 Checking for update using Github
2025-10-29 19:14:31 Success.
2025-10-29 19:14:31 Latest version is 1.9.14
2025-10-29 19:14:31 App is up to date.
2025-10-29 20:14:31 Checking for update using Github
2025-10-29 20:14:31 Success.
2025-10-29 20:14:31 Latest version is 1.9.14
2025-10-29 20:14:31 App is up to date.
2025-10-29 21:53:45 Checking for update using Github
2025-10-29 21:53:45 Success.
2025-10-29 21:53:45 Latest version is 1.9.14
2025-10-29 21:53:45 App is up to date.
2025-10-29 22:53:46 Checking for update using Github
2025-10-29 22:53:46 Success.
2025-10-29 22:53:46 Latest version is 1.9.14
2025-10-29 22:53:46 App is up to date.
2025-10-30 20:11:48 Checking for update using Github
2025-10-30 20:11:48 Success.
2025-10-30 20:11:48 Latest version is 1.9.14
2025-10-30 20:11:48 App is up to date.
2025-10-30 21:11:49 Checking for update using Github
2025-10-30 21:11:49 Success.
2025-10-30 21:11:49 Latest version is 1.9.14
2025-10-30 21:11:49 App is up to date.
2025-10-30 22:11:49 Checking for update using Github
2025-10-30 22:11:49 Success.
2025-10-30 22:11:49 Latest version is 1.9.14
2025-10-30 22:11:49 App is up to date.
2025-10-30 23:27:26 Checking for update using Github
2025-10-30 23:27:26 Success.
2025-10-30 23:27:26 Latest version is 1.9.14
2025-10-30 23:27:26 App is up to date.
2025-10-31 00:27:26 Checking for update using Github
2025-10-31 00:27:26 Success.
2025-10-31 00:27:26 Latest version is 1.9.14
2025-10-31 00:27:26 App is up to date.
2025-10-31 01:27:26 Checking for update using Github
2025-10-31 01:27:27 Success.
2025-10-31 01:27:27 Latest version is 1.9.14
2025-10-31 01:27:27 App is up to date.
2025-10-31 02:28:52 Checking for update using Github
2025-10-31 02:28:52 Success.
2025-10-31 02:28:52 Latest version is 1.9.14
2025-10-31 02:28:52 App is up to date.
2025-10-31 03:28:52 Checking for update using Github
2025-10-31 03:28:52 Success.
2025-10-31 03:28:52 Latest version is 1.9.14
2025-10-31 03:28:52 App is up to date.
2025-10-31 09:49:50 Checking for update using Github
2025-10-31 09:49:50 Success.
2025-10-31 09:49:50 Latest version is 1.9.14
2025-10-31 09:49:50 App is up to date.
2025-10-31 14:19:24 Checking for update using Github
2025-10-31 14:19:24 Success.
2025-10-31 14:19:24 Latest version is 1.9.14
2025-10-31 14:19:24 App is up to date.
2025-11-03 21:06:46 Loading main app package /usr/lib/obsidian/obsidian.asar
2025-11-03 21:06:47 Checking for update using Github
2025-11-03 21:06:47 Success.
2025-11-03 21:06:47 Latest version is 1.9.14
2025-11-03 21:06:47 App is up to date.
2025-11-03 22:06:46 Checking for update using Github
2025-11-03 22:06:46 Success.
2025-11-03 22:06:46 Latest version is 1.9.14
2025-11-03 22:06:46 App is up to date.
2025-11-04 00:21:54 Checking for update using Github
2025-11-04 00:21:54 Success.
2025-11-04 00:21:54 Latest version is 1.9.14
2025-11-04 00:21:54 App is up to date.
2025-11-04 01:21:54 Checking for update using Github
2025-11-04 01:21:54 Success.
2025-11-04 01:21:54 Latest version is 1.9.14
2025-11-04 01:21:54 App is up to date.
2025-11-04 02:21:54 Checking for update using Github
2025-11-04 02:21:55 Success.
2025-11-04 02:21:55 Latest version is 1.9.14
2025-11-04 02:21:55 App is up to date.
2025-11-04 03:41:34 Checking for update using Github
2025-11-04 03:41:34 Success.
2025-11-04 03:41:34 Latest version is 1.9.14
2025-11-04 03:41:34 App is up to date.
2025-11-04 04:47:16 Checking for update using Github
2025-11-04 04:47:17 Success.
2025-11-04 04:47:17 Latest version is 1.9.14
2025-11-04 04:47:17 App is up to date.
2025-11-04 19:17:51 Checking for update using Github
2025-11-04 19:17:51 Success.
2025-11-04 19:17:51 Latest version is 1.9.14
2025-11-04 19:17:51 App is up to date.
2025-11-04 20:57:02 Checking for update using Github
2025-11-04 20:57:02 Success.
2025-11-04 20:57:02 Latest version is 1.9.14
2025-11-04 20:57:02 App is up to date.
2025-11-04 22:07:32 Checking for update using Github
2025-11-04 22:07:32 Success.
2025-11-04 22:07:32 Latest version is 1.9.14
2025-11-04 22:07:32 App is up to date.
2025-11-04 23:07:32 Checking for update using Github
2025-11-04 23:07:32 Success.
2025-11-04 23:07:32 Latest version is 1.9.14
2025-11-04 23:07:32 App is up to date.
2025-11-05 02:21:08 Checking for update using Github
2025-11-05 02:21:08 Success.
2025-11-05 02:21:08 Latest version is 1.9.14
2025-11-05 02:21:08 App is up to date.
2025-11-05 03:21:08 Checking for update using Github
2025-11-05 03:21:08 Success.
2025-11-05 03:21:08 Latest version is 1.9.14
2025-11-05 03:21:08 App is up to date.
2025-11-05 08:23:10 Checking for update using Github
2025-11-05 08:23:10 Success.
2025-11-05 08:23:10 Latest version is 1.9.14
2025-11-05 08:23:10 App is up to date.
2025-11-05 20:26:21 Checking for update using Github
2025-11-05 20:26:21 Success.
2025-11-05 20:26:21 Latest version is 1.9.14
2025-11-05 20:26:21 App is up to date.
2025-11-05 21:26:21 Checking for update using Github
2025-11-05 21:26:21 Success.
2025-11-05 21:26:21 Latest version is 1.9.14
2025-11-05 21:26:21 App is up to date.
2025-11-05 22:29:05 Checking for update using Github
2025-11-05 22:29:05 Success.
2025-11-05 22:29:05 Latest version is 1.9.14
2025-11-05 22:29:05 App is up to date.
2025-11-06 00:53:36 Checking for update using Github
2025-11-06 00:53:36 Success.
2025-11-06 00:53:36 Latest version is 1.9.14
2025-11-06 00:53:36 App is up to date.
2025-11-06 01:53:36 Checking for update using Github
2025-11-06 01:53:36 Success.
2025-11-06 01:53:36 Latest version is 1.9.14
2025-11-06 01:53:36 App is up to date.
2025-11-06 02:53:36 Checking for update using Github
2025-11-06 02:53:36 Success.
2025-11-06 02:53:36 Latest version is 1.9.14
2025-11-06 02:53:36 App is up to date.
2025-11-07 00:01:12 Loading main app package /usr/lib/obsidian/obsidian.asar
2025-11-07 00:01:13 Checking for update using Github
2025-11-07 00:01:13 Success.
2025-11-07 00:01:13 Latest version is 1.9.14
2025-11-07 00:01:13 App is up to date.
2025-11-07 01:01:12 Checking for update using Github
2025-11-07 01:01:12 Success.
2025-11-07 01:01:12 Latest version is 1.9.14
2025-11-07 01:01:12 App is up to date.
2025-11-07 02:01:12 Checking for update using Github
2025-11-07 02:01:12 Success.
2025-11-07 02:01:12 Latest version is 1.9.14
2025-11-07 02:01:12 App is up to date.
2025-11-07 03:25:53 Checking for update using Github
2025-11-07 03:25:54 Success.
2025-11-07 03:25:54 Latest version is 1.9.14
2025-11-07 03:25:54 App is up to date.
2025-11-07 04:25:53 Checking for update using Github
2025-11-07 04:25:54 Success.
2025-11-07 04:25:54 Latest version is 1.9.14
2025-11-07 04:25:54 App is up to date.
2025-11-07 05:25:53 Checking for update using Github
2025-11-07 05:25:54 Success.
2025-11-07 05:25:54 Latest version is 1.9.14
2025-11-07 05:25:54 App is up to date.
2025-11-07 06:25:53 Checking for update using Github
2025-11-07 06:25:54 Success.
2025-11-07 06:25:54 Latest version is 1.9.14
2025-11-07 06:25:54 App is up to date.
2025-11-07 07:25:53 Checking for update using Github
2025-11-07 07:25:54 Success.
2025-11-07 07:25:54 Latest version is 1.9.14
2025-11-07 07:25:54 App is up to date.
2025-11-08 01:01:48 Loading main app package /usr/lib/obsidian/obsidian.asar
2025-11-08 01:01:48 Checking for update using Github
2025-11-08 01:14:16 Checking for update using Github
2025-11-08 01:14:16 Success.
2025-11-08 01:14:16 Latest version is 1.9.14
2025-11-08 01:14:16 App is up to date.
2025-11-08 02:14:16 Checking for update using Github
2025-11-08 02:14:16 Success.
2025-11-08 02:14:16 Latest version is 1.9.14
2025-11-08 02:14:16 App is up to date.
2025-11-08 03:14:16 Checking for update using Github
2025-11-08 03:14:16 Success.
2025-11-08 03:14:16 Latest version is 1.9.14
2025-11-08 03:14:16 App is up to date.
2025-11-09 00:01:05 Checking for update using Github
2025-11-09 00:01:05 Success.
2025-11-09 00:01:05 Latest version is 1.9.14
2025-11-09 00:01:05 App is up to date.
2025-11-09 01:01:04 Checking for update using Github
2025-11-09 01:01:04 Success.
2025-11-09 01:01:04 Latest version is 1.9.14
2025-11-09 01:01:04 App is up to date.
2025-11-09 22:31:32 Checking for update using Github
2025-11-09 22:31:32 Success.
2025-11-09 22:31:32 Latest version is 1.9.14
2025-11-09 22:31:32 App is up to date.
2025-11-09 23:31:32 Checking for update using Github
2025-11-09 23:31:32 Success.
2025-11-09 23:31:32 Latest version is 1.9.14
2025-11-09 23:31:32 App is up to date.
2025-11-10 00:31:32 Checking for update using Github
2025-11-10 00:31:32 Success.
2025-11-10 00:31:32 Latest version is 1.9.14
2025-11-10 00:31:32 App is up to date.
2025-11-10 01:26:17 Loading main app package /usr/lib/obsidian/obsidian.asar
2025-11-10 01:26:17 Checking for update using Github
2025-11-10 01:31:32 Checking for update using Github
2025-11-10 01:31:32 Success.
2025-11-10 01:31:32 Latest version is 1.9.14
2025-11-10 01:31:32 App is up to date.
2025-11-10 02:31:32 Checking for update using Github
2025-11-10 02:31:32 Success.
2025-11-10 02:31:32 Latest version is 1.9.14
2025-11-10 02:31:32 App is up to date.
2025-11-10 03:36:35 Checking for update using Github
2025-11-10 03:36:35 Success.
2025-11-10 03:36:35 Latest version is 1.9.14
2025-11-10 03:36:35 App is up to date.
2025-11-10 04:39:41 Checking for update using Github
2025-11-10 04:39:41 Success.
2025-11-10 04:39:41 Latest version is 1.9.14
2025-11-10 04:39:41 App is up to date.
2025-11-10 05:39:41 Checking for update using Github
2025-11-10 05:39:41 Success.
2025-11-10 05:39:41 Latest version is 1.9.14
2025-11-10 05:39:41 App is up to date.
2025-11-10 18:55:30 Checking for update using Github
2025-11-10 18:55:30 Success.
2025-11-10 18:55:30 Latest version is 1.9.14
2025-11-10 18:55:30 App is up to date.
2025-11-10 22:01:00 Checking for update using Github
2025-11-10 22:01:00 Success.
2025-11-10 22:01:00 Latest version is 1.9.14
2025-11-10 22:01:00 App is up to date.
2025-11-10 23:01:02 Checking for update using Github
2025-11-10 23:01:02 Success.
2025-11-10 23:01:02 Latest version is 1.9.14
2025-11-10 23:01:02 App is up to date.
2025-11-11 00:01:02 Checking for update using Github
2025-11-11 00:01:02 Success.
2025-11-11 00:01:02 Latest version is 1.9.14
2025-11-11 00:01:02 App is up to date.
2025-11-11 01:12:38 Checking for update using Github
2025-11-11 01:12:38 Success.
2025-11-11 01:12:38 Latest version is 1.9.14
2025-11-11 01:12:38 App is up to date.
2025-11-11 02:12:38 Checking for update using Github
2025-11-11 02:12:38 Success.
2025-11-11 02:12:38 Latest version is 1.9.14
2025-11-11 02:12:38 App is up to date.
2025-11-11 03:29:04 Checking for update using Github
2025-11-11 03:29:04 Success.
2025-11-11 03:29:04 Latest version is 1.9.14
2025-11-11 03:29:04 App is up to date.
2025-11-11 05:05:41 Checking for update using Github
2025-11-11 05:05:42 Success.
2025-11-11 05:05:42 Latest version is 1.9.14
2025-11-11 05:05:42 App is up to date.
2025-11-11 19:00:01 Checking for update using Github
2025-11-11 19:00:01 Success.
2025-11-11 19:00:01 Latest version is 1.10.3
2025-11-11 19:00:01 Downloading update from https://github.com/obsidianmd/obsidian-releases/releases/download/v1.10.3/obsidian-1.10.3.asar.gz
2025-11-11 19:00:02 Verifying hash & signature. Size= 9053948
2025-11-11 19:00:02 Saving file
2025-11-11 19:00:02 Update complete.
2025-11-11 20:00:01 Checking for update using Github
2025-11-11 20:00:01 Success.
2025-11-11 20:00:01 Latest version is 1.10.3
2025-11-11 20:00:01 An update is already downloaded.
2025-11-11 21:24:33 Checking for update using Github
2025-11-11 21:24:34 Success.
2025-11-11 21:24:34 Latest version is 1.10.3
2025-11-11 21:24:34 An update is already downloaded.
2025-11-11 22:24:34 Checking for update using Github
2025-11-11 22:24:34 Success.
2025-11-11 22:24:34 Latest version is 1.10.3
2025-11-11 22:24:34 An update is already downloaded.
2025-11-11 23:24:34 Checking for update using Github
2025-11-11 23:24:34 Success.
2025-11-11 23:24:34 Latest version is 1.10.3
2025-11-11 23:24:34 An update is already downloaded.
2025-11-12 00:24:37 Checking for update using Github
2025-11-12 00:24:38 Success.
2025-11-12 00:24:38 Latest version is 1.10.3
2025-11-12 00:24:38 An update is already downloaded.
2025-11-12 19:51:57 Checking for update using Github
2025-11-12 19:51:57 Success.
2025-11-12 19:51:57 Latest version is 1.10.3
2025-11-12 19:51:57 An update is already downloaded.
2025-11-12 20:51:57 Checking for update using Github
2025-11-12 20:51:57 Success.
2025-11-12 20:51:57 Latest version is 1.10.3
2025-11-12 20:51:57 An update is already downloaded.
2025-11-12 21:51:57 Checking for update using Github
2025-11-12 21:51:57 Success.
2025-11-12 21:51:57 Latest version is 1.10.3
2025-11-12 21:51:57 An update is already downloaded.
2025-11-12 22:51:57 Checking for update using Github
2025-11-12 22:51:57 Success.
2025-11-12 22:51:57 Latest version is 1.10.3
2025-11-12 22:51:57 An update is already downloaded.
2025-11-13 00:15:20 Checking for update using Github
2025-11-13 00:15:20 Success.
2025-11-13 00:15:20 Latest version is 1.10.3
2025-11-13 00:15:20 An update is already downloaded.
2025-11-13 01:15:20 Checking for update using Github
2025-11-13 01:15:20 Success.
2025-11-13 01:15:20 Latest version is 1.10.3
2025-11-13 01:15:20 An update is already downloaded.
2025-11-13 03:29:05 Checking for update using Github
2025-11-13 03:29:06 Success.
2025-11-13 03:29:06 Latest version is 1.10.3
2025-11-13 03:29:06 An update is already downloaded.
2025-11-13 04:29:05 Checking for update using Github
2025-11-13 04:29:06 Success.
2025-11-13 04:29:06 Latest version is 1.10.3
2025-11-13 04:29:06 An update is already downloaded.
2025-11-13 05:42:53 Checking for update using Github
2025-11-13 05:42:54 Success.
2025-11-13 05:42:54 Latest version is 1.10.3
2025-11-13 05:42:54 An update is already downloaded.
2025-11-13 06:42:54 Checking for update using Github
2025-11-13 06:42:54 Success.
2025-11-13 06:42:54 Latest version is 1.10.3
2025-11-13 06:42:54 An update is already downloaded.
2025-11-13 08:30:51 Checking for update using Github
2025-11-13 08:30:51 Success.
2025-11-13 08:30:51 Latest version is 1.10.3
2025-11-13 08:30:51 An update is already downloaded.
2025-11-13 23:25:58 Checking for update using Github
2025-11-13 23:25:58 Success.
2025-11-13 23:25:58 Latest version is 1.10.3
2025-11-13 23:25:58 An update is already downloaded.
2025-11-14 18:24:35 Checking for update using Github
2025-11-14 18:24:35 Success.
2025-11-14 18:24:35 Latest version is 1.10.3
2025-11-14 18:24:35 An update is already downloaded.
2025-11-14 19:24:35 Checking for update using Github
2025-11-14 19:24:35 Success.
2025-11-14 19:24:35 Latest version is 1.10.3
2025-11-14 19:24:35 An update is already downloaded.
2025-11-14 20:24:35 Checking for update using Github
2025-11-14 20:24:35 Success.
2025-11-14 20:24:35 Latest version is 1.10.3
2025-11-14 20:24:35 An update is already downloaded.
2025-11-14 21:24:35 Checking for update using Github
2025-11-14 21:24:35 Success.
2025-11-14 21:24:35 Latest version is 1.10.3
2025-11-14 21:24:35 An update is already downloaded.
2025-11-15 03:12:53 Checking for update using Github
2025-11-15 03:12:53 Success.
2025-11-15 03:12:53 Latest version is 1.10.3
2025-11-15 03:12:53 An update is already downloaded.
2025-11-15 04:12:53 Checking for update using Github
2025-11-15 04:12:53 Success.
2025-11-15 04:12:53 Latest version is 1.10.3
2025-11-15 04:12:53 An update is already downloaded.
2025-11-15 05:12:53 Checking for update using Github
2025-11-15 05:12:53 Success.
2025-11-15 05:12:53 Latest version is 1.10.3
2025-11-15 05:12:53 An update is already downloaded.
2025-11-15 06:12:53 Checking for update using Github
2025-11-15 06:12:53 Success.
2025-11-15 06:12:53 Latest version is 1.10.3
2025-11-15 06:12:53 An update is already downloaded.
2025-11-15 19:11:50 Checking for update using Github
2025-11-15 19:11:50 Success.
2025-11-15 19:11:50 Latest version is 1.10.3
2025-11-15 19:11:50 An update is already downloaded.
2025-11-15 20:53:40 Checking for update using Github
2025-11-15 20:53:40 Success.
2025-11-15 20:53:40 Latest version is 1.10.3
2025-11-15 20:53:40 An update is already downloaded.
2025-11-15 21:53:40 Checking for update using Github
2025-11-15 21:53:40 Success.
2025-11-15 21:53:40 Latest version is 1.10.3
2025-11-15 21:53:40 An update is already downloaded.
2025-11-15 22:53:40 Checking for update using Github
2025-11-15 22:53:40 Success.
2025-11-15 22:53:40 Latest version is 1.10.3
2025-11-15 22:53:40 An update is already downloaded.
2025-11-15 23:53:40 Checking for update using Github
2025-11-15 23:53:40 Success.
2025-11-15 23:53:40 Latest version is 1.10.3
2025-11-15 23:53:40 An update is already downloaded.
2025-11-16 00:53:40 Checking for update using Github
2025-11-16 00:53:40 Success.
2025-11-16 00:53:40 Latest version is 1.10.3
2025-11-16 00:53:40 An update is already downloaded.
2025-11-16 03:05:20 Checking for update using Github
2025-11-16 03:05:20 Success.
2025-11-16 03:05:20 Latest version is 1.10.3
2025-11-16 03:05:20 An update is already downloaded.
2025-11-16 04:05:20 Checking for update using Github
2025-11-16 04:05:20 Success.
2025-11-16 04:05:20 Latest version is 1.10.3
2025-11-16 04:05:20 An update is already downloaded.
2025-11-16 19:22:50 Checking for update using Github
2025-11-16 19:22:50 Success.
2025-11-16 19:22:50 Latest version is 1.10.3
2025-11-16 19:22:50 An update is already downloaded.
2025-11-16 20:22:50 Checking for update using Github
2025-11-16 20:22:50 Success.
2025-11-16 20:22:50 Latest version is 1.10.3
2025-11-16 20:22:50 An update is already downloaded.
2025-11-16 21:22:50 Checking for update using Github
2025-11-16 21:22:50 Success.
2025-11-16 21:22:50 Latest version is 1.10.3
2025-11-16 21:22:50 An update is already downloaded.
2025-11-16 22:22:50 Checking for update using Github
2025-11-16 22:22:50 Success.
2025-11-16 22:22:50 Latest version is 1.10.3
2025-11-16 22:22:50 An update is already downloaded.
2025-11-16 23:22:50 Checking for update using Github
2025-11-16 23:22:50 Success.
2025-11-16 23:22:50 Latest version is 1.10.3
2025-11-16 23:22:50 An update is already downloaded.
2025-11-17 01:24:36 Checking for update using Github
2025-11-17 01:24:36 Success.
2025-11-17 01:24:36 Latest version is 1.10.3
2025-11-17 01:24:36 An update is already downloaded.
2025-11-17 02:24:36 Checking for update using Github
2025-11-17 02:24:36 Success.
2025-11-17 02:24:36 Latest version is 1.10.3
2025-11-17 02:24:36 An update is already downloaded.
2025-11-17 03:50:54 Checking for update using Github
2025-11-17 03:50:54 Success.
2025-11-17 03:50:54 Latest version is 1.10.3
2025-11-17 03:50:54 An update is already downloaded.
2025-11-17 04:50:55 Checking for update using Github
2025-11-17 04:50:55 Success.
2025-11-17 04:50:55 Latest version is 1.10.3
2025-11-17 04:50:55 An update is already downloaded.
2025-11-17 05:50:55 Checking for update using Github
2025-11-17 05:50:55 Success.
2025-11-17 05:50:55 Latest version is 1.10.3
2025-11-17 05:50:55 An update is already downloaded.
2025-11-17 18:44:24 Checking for update using Github
2025-11-17 18:44:24 Success.
2025-11-17 18:44:24 Latest version is 1.10.3
2025-11-17 18:44:24 An update is already downloaded.
2025-11-17 19:44:24 Checking for update using Github
2025-11-17 19:44:24 Success.
2025-11-17 19:44:24 Latest version is 1.10.3
2025-11-17 19:44:24 An update is already downloaded.
2025-11-17 20:44:24 Checking for update using Github
2025-11-17 20:44:25 Success.
2025-11-17 20:44:25 Latest version is 1.10.3
2025-11-17 20:44:25 An update is already downloaded.
2025-11-17 21:44:25 Checking for update using Github
2025-11-17 21:44:25 Success.
2025-11-17 21:44:25 Latest version is 1.10.3
2025-11-17 21:44:25 An update is already downloaded.
2025-11-17 22:44:25 Checking for update using Github
2025-11-17 22:44:25 Success.
2025-11-17 22:44:25 Latest version is 1.10.3
2025-11-17 22:44:25 An update is already downloaded.
2025-11-17 23:44:25 Checking for update using Github
2025-11-17 23:44:25 Success.
2025-11-17 23:44:25 Latest version is 1.10.3
2025-11-17 23:44:25 An update is already downloaded.
2025-11-18 00:44:25 Checking for update using Github
2025-11-18 00:44:25 Success.
2025-11-18 00:44:25 Latest version is 1.10.3
2025-11-18 00:44:25 An update is already downloaded.
2025-11-18 21:01:22 Checking for update using Github
2025-11-18 21:01:22 Failed to check for update using Github (Unexpected non-whitespace character after JSON at position 3 (line 1 column 4))
2025-11-18 21:01:22 Checking for update using obsidian.md
2025-11-18 21:01:22 Failed to check for update using obsidian.md (Unexpected end of JSON input)
2025-11-18 22:37:00 Checking for update using Github
2025-11-18 22:37:00 Success.
2025-11-18 22:37:00 Latest version is 1.10.3
2025-11-18 22:37:00 An update is already downloaded.
2025-11-19 03:46:09 Loading main app package /usr/lib/obsidian/obsidian.asar
2025-11-19 03:46:09 Checking for update using Github
2025-11-19 03:46:09 Success.
2025-11-19 03:46:09 Latest version is 1.10.3
2025-11-19 03:46:09 App is up to date.
2025-11-19 04:46:09 Checking for update using Github
2025-11-19 04:46:09 Success.
2025-11-19 04:46:09 Latest version is 1.10.3
2025-11-19 04:46:09 App is up to date.
2025-11-19 05:46:09 Checking for update using Github
2025-11-19 05:46:09 Success.
2025-11-19 05:46:09 Latest version is 1.10.3
2025-11-19 05:46:09 App is up to date.
2025-11-19 18:49:11 Checking for update using Github
2025-11-19 18:49:11 Success.
2025-11-19 18:49:11 Latest version is 1.10.3
2025-11-19 18:49:11 App is up to date.
2025-11-19 19:49:11 Checking for update using Github
2025-11-19 19:49:11 Success.
2025-11-19 19:49:11 Latest version is 1.10.3
2025-11-19 19:49:11 App is up to date.
2025-11-19 20:49:11 Checking for update using Github
2025-11-19 20:49:11 Success.
2025-11-19 20:49:11 Latest version is 1.10.3
2025-11-19 20:49:11 App is up to date.
2025-11-19 21:49:11 Checking for update using Github
2025-11-19 21:49:11 Success.
2025-11-19 21:49:11 Latest version is 1.10.3
2025-11-19 21:49:11 App is up to date.
2025-11-19 22:53:55 Checking for update using Github
2025-11-19 22:53:55 Success.
2025-11-19 22:53:55 Latest version is 1.10.3
2025-11-19 22:53:55 App is up to date.
2025-11-19 23:53:56 Checking for update using Github
2025-11-19 23:53:56 Success.
2025-11-19 23:53:56 Latest version is 1.10.3
2025-11-19 23:53:56 App is up to date.
2025-11-20 00:53:56 Checking for update using Github
2025-11-20 00:53:56 Success.
2025-11-20 00:53:56 Latest version is 1.10.3
2025-11-20 00:53:56 App is up to date.
2025-11-20 01:53:56 Checking for update using Github
2025-11-20 01:53:56 Success.
2025-11-20 01:53:56 Latest version is 1.10.3
2025-11-20 01:53:56 App is up to date.
2025-11-20 08:38:23 Checking for update using Github
2025-11-20 08:38:23 Success.
2025-11-20 08:38:23 Latest version is 1.10.3
2025-11-20 08:38:23 App is up to date.
2025-11-20 19:16:19 Loading main app package /usr/lib/obsidian/obsidian.asar
2025-11-20 19:16:19 Checking for update using Github
2025-11-20 19:16:20 Success.
2025-11-20 19:16:20 Latest version is 1.10.3
2025-11-20 19:16:20 App is up to date.
2025-11-20 20:16:19 Checking for update using Github
2025-11-20 20:16:19 Success.
2025-11-20 20:16:19 Latest version is 1.10.3
2025-11-20 20:16:19 App is up to date.
2025-11-20 21:16:19 Checking for update using Github
2025-11-20 21:16:19 Success.
2025-11-20 21:16:19 Latest version is 1.10.3
2025-11-20 21:16:19 App is up to date.
2025-11-20 22:16:19 Checking for update using Github
2025-11-20 22:16:19 Success.
2025-11-20 22:16:19 Latest version is 1.10.3
2025-11-20 22:16:19 App is up to date.
2025-11-21 00:59:40 Checking for update using Github
2025-11-21 00:59:40 Success.
2025-11-21 00:59:40 Latest version is 1.10.3
2025-11-21 00:59:40 App is up to date.
2025-11-21 01:59:40 Checking for update using Github
2025-11-21 01:59:40 Success.
2025-11-21 01:59:40 Latest version is 1.10.3
2025-11-21 01:59:40 App is up to date.
2025-11-21 02:59:40 Checking for update using Github
2025-11-21 02:59:40 Success.
2025-11-21 02:59:40 Latest version is 1.10.3
2025-11-21 02:59:40 App is up to date.
2025-11-21 19:31:01 Loading main app package /usr/lib/obsidian/obsidian.asar
2025-11-21 19:31:02 Checking for update using Github
2025-11-21 19:31:02 Success.
2025-11-21 19:31:02 Latest version is 1.10.3
2025-11-21 19:31:02 App is up to date.
2025-11-21 20:31:02 Checking for update using Github
2025-11-21 20:31:02 Success.
2025-11-21 20:31:02 Latest version is 1.10.3
2025-11-21 20:31:02 App is up to date.
2025-11-21 22:28:14 Checking for update using Github
2025-11-21 22:28:14 Success.
2025-11-21 22:28:14 Latest version is 1.10.3
2025-11-21 22:28:14 App is up to date.
2025-11-21 23:28:14 Checking for update using Github
2025-11-21 23:28:14 Success.
2025-11-21 23:28:14 Latest version is 1.10.3
2025-11-21 23:28:14 App is up to date.
2025-11-22 00:28:14 Checking for update using Github
2025-11-22 00:28:14 Success.
2025-11-22 00:28:14 Latest version is 1.10.3
2025-11-22 00:28:14 App is up to date.
2025-11-22 22:32:58 Checking for update using Github
2025-11-22 22:32:59 Success.
2025-11-22 22:32:59 Latest version is 1.10.3
2025-11-22 22:32:59 App is up to date.
2025-11-22 23:32:58 Checking for update using Github
2025-11-22 23:32:58 Success.
2025-11-22 23:32:58 Latest version is 1.10.3
2025-11-22 23:32:58 App is up to date.
2025-11-23 00:32:58 Checking for update using Github
2025-11-23 00:32:59 Success.
2025-11-23 00:32:59 Latest version is 1.10.3
2025-11-23 00:32:59 App is up to date.
2025-11-23 01:33:02 Checking for update using Github
2025-11-23 01:33:02 Success.
2025-11-23 01:33:02 Latest version is 1.10.3
2025-11-23 01:33:02 App is up to date.
2025-11-23 20:08:53 Checking for update using Github
2025-11-23 20:08:53 Success.
2025-11-23 20:08:53 Latest version is 1.10.3
2025-11-23 20:08:53 App is up to date.
2025-11-23 21:09:38 Checking for update using Github
2025-11-23 21:09:39 Success.
2025-11-23 21:09:39 Latest version is 1.10.3
2025-11-23 21:09:39 App is up to date.
2025-11-23 22:09:38 Checking for update using Github
2025-11-23 22:09:39 Success.
2025-11-23 22:09:39 Latest version is 1.10.3
2025-11-23 22:09:39 App is up to date.
2025-11-23 23:09:38 Checking for update using Github
2025-11-23 23:09:39 Success.
2025-11-23 23:09:39 Latest version is 1.10.3
2025-11-23 23:09:39 App is up to date.
2025-11-24 00:11:53 Checking for update using Github
2025-11-24 00:11:53 Success.
2025-11-24 00:11:53 Latest version is 1.10.3
2025-11-24 00:11:53 App is up to date.
2025-11-24 01:41:29 Checking for update using Github
2025-11-24 01:41:29 Success.
2025-11-24 01:41:29 Latest version is 1.10.3
2025-11-24 01:41:29 App is up to date.
2025-11-24 02:41:29 Checking for update using Github
2025-11-24 02:41:29 Success.
2025-11-24 02:41:29 Latest version is 1.10.3
2025-11-24 02:41:29 App is up to date.
2025-11-24 04:51:02 Checking for update using Github
2025-11-24 04:51:03 Success.
2025-11-24 04:51:03 Latest version is 1.10.3
2025-11-24 04:51:03 App is up to date.
2025-11-24 05:51:02 Checking for update using Github
2025-11-24 05:51:03 Success.
2025-11-24 05:51:03 Latest version is 1.10.3
2025-11-24 05:51:03 App is up to date.
2025-11-24 08:37:26 Checking for update using Github
2025-11-24 08:37:26 Success.
2025-11-24 08:37:26 Latest version is 1.10.3
2025-11-24 08:37:26 App is up to date.
2025-11-24 20:39:27 Checking for update using Github
2025-11-24 20:39:27 Success.
2025-11-24 20:39:27 Latest version is 1.10.3
2025-11-24 20:39:27 App is up to date.
2025-11-24 21:39:27 Checking for update using Github
2025-11-24 21:39:27 Success.
2025-11-24 21:39:27 Latest version is 1.10.3
2025-11-24 21:39:27 App is up to date.
2025-11-25 02:04:09 Checking for update using Github
2025-11-25 02:04:10 Success.
2025-11-25 02:04:10 Latest version is 1.10.3
2025-11-25 02:04:10 App is up to date.
2025-11-25 04:04:57 Checking for update using Github
2025-11-25 04:04:58 Success.
2025-11-25 04:04:58 Latest version is 1.10.3
2025-11-25 04:04:58 App is up to date.
2025-11-25 05:04:58 Checking for update using Github
2025-11-25 05:04:58 Success.
2025-11-25 05:04:58 Latest version is 1.10.3
2025-11-25 05:04:58 App is up to date.
2025-11-25 06:04:58 Checking for update using Github
2025-11-25 06:04:58 Success.
2025-11-25 06:04:58 Latest version is 1.10.3
2025-11-25 06:04:58 App is up to date.
2025-11-25 23:42:24 Checking for update using Github
2025-11-25 23:42:24 Success.
2025-11-25 23:42:24 Latest version is 1.10.6
2025-11-25 23:42:24 Downloading update from https://github.com/obsidianmd/obsidian-releases/releases/download/v1.10.6/obsidian-1.10.6.asar.gz
2025-11-25 23:42:25 Verifying hash & signature. Size= 9054843
2025-11-25 23:42:25 Saving file
2025-11-25 23:42:26 Update complete.
2025-11-26 01:01:55 Checking for update using Github
2025-11-26 01:01:55 Success.
2025-11-26 01:01:55 Latest version is 1.10.6
2025-11-26 01:01:55 An update is already downloaded.
2025-11-26 02:01:55 Checking for update using Github
2025-11-26 02:01:55 Success.
2025-11-26 02:01:55 Latest version is 1.10.6
2025-11-26 02:01:55 An update is already downloaded.
2025-11-26 04:01:47 Checking for update using Github
2025-11-26 04:01:47 Success.
2025-11-26 04:01:47 Latest version is 1.10.6
2025-11-26 04:01:47 An update is already downloaded.
2025-11-26 05:01:47 Checking for update using Github
2025-11-26 05:01:47 Success.
2025-11-26 05:01:47 Latest version is 1.10.6
2025-11-26 05:01:47 An update is already downloaded.
2025-11-26 19:36:45 Checking for update using Github
2025-11-26 19:36:45 Success.
2025-11-26 19:36:45 Latest version is 1.10.6
2025-11-26 19:36:45 An update is already downloaded.
2025-11-26 20:36:45 Checking for update using Github
2025-11-26 20:36:45 Success.
2025-11-26 20:36:45 Latest version is 1.10.6
2025-11-26 20:36:45 An update is already downloaded.
2025-11-26 21:36:45 Checking for update using Github
2025-11-26 21:36:45 Success.
2025-11-26 21:36:45 Latest version is 1.10.6
2025-11-26 21:36:45 An update is already downloaded.
2025-11-26 22:36:45 Checking for update using Github
2025-11-26 22:36:45 Success.
2025-11-26 22:36:45 Latest version is 1.10.6
2025-11-26 22:36:45 An update is already downloaded.
2025-11-27 00:38:11 Checking for update using Github
2025-11-27 00:38:11 Success.
2025-11-27 00:38:11 Latest version is 1.10.6
2025-11-27 00:38:11 An update is already downloaded.
2025-11-27 02:43:30 Checking for update using Github
2025-11-27 02:43:30 Success.
2025-11-27 02:43:30 Latest version is 1.10.6
2025-11-27 02:43:30 An update is already downloaded.
2025-11-27 03:43:30 Checking for update using Github
2025-11-27 03:43:30 Success.
2025-11-27 03:43:30 Latest version is 1.10.6
2025-11-27 03:43:30 An update is already downloaded.
2025-11-27 20:08:50 Checking for update using Github
2025-11-27 20:08:50 Success.
2025-11-27 20:08:50 Latest version is 1.10.6
2025-11-27 20:08:50 An update is already downloaded.
2025-11-27 22:35:23 Checking for update using Github
2025-11-27 22:35:23 Success.
2025-11-27 22:35:23 Latest version is 1.10.6
2025-11-27 22:35:23 An update is already downloaded.
2025-11-27 23:35:23 Checking for update using Github
2025-11-27 23:35:23 Success.
2025-11-27 23:35:23 Latest version is 1.10.6
2025-11-27 23:35:23 An update is already downloaded.
2025-11-28 00:35:23 Checking for update using Github
2025-11-28 00:35:23 Success.
2025-11-28 00:35:23 Latest version is 1.10.6
2025-11-28 00:35:23 An update is already downloaded.
2025-11-28 01:35:23 Checking for update using Github
2025-11-28 01:35:23 Success.
2025-11-28 01:35:23 Latest version is 1.10.6
2025-11-28 01:35:23 An update is already downloaded.
2025-11-28 02:35:23 Checking for update using Github
2025-11-28 02:35:23 Success.
2025-11-28 02:35:23 Latest version is 1.10.6
2025-11-28 02:35:23 An update is already downloaded.
2025-11-28 21:46:23 Checking for update using Github
2025-11-28 21:46:23 Failed to check for update using Github (net::ERR_NETWORK_CHANGED)
2025-11-28 21:46:23 Checking for update using obsidian.md
2025-11-28 21:46:23 Failed to check for update using obsidian.md (Unexpected end of JSON input)
2025-11-28 22:46:24 Checking for update using Github
2025-11-28 22:46:24 Success.
2025-11-28 22:46:24 Latest version is 1.10.6
2025-11-28 22:46:24 An update is already downloaded.
2025-11-29 02:01:00 Checking for update using Github
2025-11-29 02:01:00 Success.
2025-11-29 02:01:00 Latest version is 1.10.6
2025-11-29 02:01:00 An update is already downloaded.
2025-11-29 21:55:52 Checking for update using Github
2025-12-01 04:04:46 Loading main app package /usr/lib/obsidian/obsidian.asar
2025-12-01 04:04:46 Checking for update using Github
2025-12-01 04:04:47 Success.
2025-12-01 04:04:47 Latest version is 1.10.6
2025-12-01 04:04:47 App is up to date.
2025-12-01 05:04:50 Checking for update using Github
2025-12-01 05:04:50 Success.
2025-12-01 05:04:50 Latest version is 1.10.6
2025-12-01 05:04:50 App is up to date.
2025-12-01 06:04:51 Checking for update using Github
2025-12-01 06:04:51 Success.
2025-12-01 06:04:51 Latest version is 1.10.6
2025-12-01 06:04:51 App is up to date.
2025-12-01 19:19:23 Checking for update using Github
2025-12-01 19:19:23 Success.
2025-12-01 19:19:23 Latest version is 1.10.6
2025-12-01 19:19:23 App is up to date.
2025-12-01 20:19:23 Checking for update using Github
2025-12-01 20:19:23 Success.
2025-12-01 20:19:23 Latest version is 1.10.6
2025-12-01 20:19:23 App is up to date.
2025-12-01 21:19:23 Checking for update using Github
2025-12-01 21:19:23 Success.
2025-12-01 21:19:23 Latest version is 1.10.6
2025-12-01 21:19:23 App is up to date.
2025-12-02 02:33:38 Checking for update using Github
2025-12-02 02:33:38 Success.
2025-12-02 02:33:38 Latest version is 1.10.6
2025-12-02 02:33:38 App is up to date.
2025-12-02 03:33:40 Checking for update using Github
2025-12-02 03:33:40 Success.
2025-12-02 03:33:40 Latest version is 1.10.6
2025-12-02 03:33:40 App is up to date.
2025-12-02 19:19:07 Loading main app package /usr/lib/obsidian/obsidian.asar
2025-12-02 19:19:07 Checking for update using Github
2025-12-02 19:19:08 Success.
2025-12-02 19:19:08 Latest version is 1.10.6
2025-12-02 19:19:08 App is up to date.
2025-12-02 19:23:46 Loading main app package /usr/lib/obsidian/obsidian.asar
2025-12-02 19:23:46 Checking for update using Github
2025-12-02 19:23:46 Success.
2025-12-02 19:23:46 Latest version is 1.10.6
2025-12-02 19:23:46 App is up to date.
2025-12-02 19:24:16 Checking for update using Github
2025-12-02 19:24:16 Success.
2025-12-02 19:24:16 Latest version is 1.10.6
2025-12-02 19:24:16 App is up to date.
2025-12-02 23:43:11 Checking for update using Github
2025-12-02 23:43:11 Success.
2025-12-02 23:43:11 Latest version is 1.10.6
2025-12-02 23:43:11 App is up to date.
2025-12-03 01:07:41 Checking for update using Github
2025-12-03 01:07:41 Success.
2025-12-03 01:07:41 Latest version is 1.10.6
2025-12-03 01:07:41 App is up to date.
2025-12-03 02:07:41 Checking for update using Github
2025-12-03 02:07:41 Success.
2025-12-03 02:07:41 Latest version is 1.10.6
2025-12-03 02:07:41 App is up to date.
2025-12-03 05:18:25 Checking for update using Github
2025-12-03 05:18:26 Success.
2025-12-03 05:18:26 Latest version is 1.10.6
2025-12-03 05:18:26 App is up to date.
2025-12-03 06:18:26 Checking for update using Github
2025-12-03 06:18:26 Success.
2025-12-03 06:18:26 Latest version is 1.10.6
2025-12-03 06:18:26 App is up to date.
2025-12-03 07:18:26 Checking for update using Github
2025-12-03 07:18:26 Success.
2025-12-03 07:18:26 Latest version is 1.10.6
2025-12-03 07:18:26 App is up to date.
2025-12-03 20:01:41 Checking for update using Github
2025-12-03 20:01:41 Success.
2025-12-03 20:01:41 Latest version is 1.10.6
2025-12-03 20:01:41 App is up to date.
2025-12-03 21:01:41 Checking for update using Github
2025-12-03 21:01:41 Success.
2025-12-03 21:01:41 Latest version is 1.10.6
2025-12-03 21:01:41 App is up to date.
2025-12-03 22:01:41 Checking for update using Github
2025-12-03 22:01:41 Success.
2025-12-03 22:01:41 Latest version is 1.10.6
2025-12-03 22:01:41 App is up to date.
2025-12-03 23:01:41 Checking for update using Github
2025-12-03 23:01:41 Success.
2025-12-03 23:01:41 Latest version is 1.10.6
2025-12-03 23:01:41 App is up to date.
2025-12-04 00:01:41 Checking for update using Github
2025-12-04 00:01:41 Success.
2025-12-04 00:01:41 Latest version is 1.10.6
2025-12-04 00:01:41 App is up to date.
2025-12-04 01:01:41 Checking for update using Github
2025-12-04 01:01:41 Success.
2025-12-04 01:01:41 Latest version is 1.10.6
2025-12-04 01:01:41 App is up to date.
2025-12-04 02:01:41 Checking for update using Github
2025-12-04 02:01:41 Success.
2025-12-04 02:01:41 Latest version is 1.10.6
2025-12-04 02:01:41 App is up to date.
2025-12-04 03:01:41 Checking for update using Github
2025-12-04 03:01:41 Success.
2025-12-04 03:01:41 Latest version is 1.10.6
2025-12-04 03:01:41 App is up to date.
2025-12-04 04:01:41 Checking for update using Github
2025-12-04 04:01:41 Success.
2025-12-04 04:01:41 Latest version is 1.10.6
2025-12-04 04:01:41 App is up to date.
2025-12-04 06:17:16 Checking for update using Github
2025-12-04 06:17:16 Success.
2025-12-04 06:17:16 Latest version is 1.10.6
2025-12-04 06:17:16 App is up to date.
2025-12-04 07:17:16 Checking for update using Github
2025-12-04 07:17:16 Success.
2025-12-04 07:17:16 Latest version is 1.10.6
2025-12-04 07:17:16 App is up to date.
2025-12-04 18:30:16 Checking for update using Github
2025-12-04 18:30:16 Success.
2025-12-04 18:30:16 Latest version is 1.10.6
2025-12-04 18:30:16 App is up to date.
2025-12-04 19:30:16 Checking for update using Github
2025-12-04 19:30:16 Success.
2025-12-04 19:30:16 Latest version is 1.10.6
2025-12-04 19:30:16 App is up to date.
2025-12-04 20:30:16 Checking for update using Github
2025-12-04 20:30:16 Success.
2025-12-04 20:30:16 Latest version is 1.10.6
2025-12-04 20:30:16 App is up to date.
2025-12-04 21:30:16 Checking for update using Github
2025-12-04 21:30:16 Success.
2025-12-04 21:30:16 Latest version is 1.10.6
2025-12-04 21:30:16 App is up to date.
2025-12-04 22:30:16 Checking for update using Github
2025-12-04 22:30:16 Success.
2025-12-04 22:30:16 Latest version is 1.10.6
2025-12-04 22:30:16 App is up to date.
2025-12-04 23:30:16 Checking for update using Github
2025-12-04 23:30:16 Success.
2025-12-04 23:30:16 Latest version is 1.10.6
2025-12-04 23:30:16 App is up to date.
2025-12-05 00:30:16 Checking for update using Github
2025-12-05 00:30:16 Success.
2025-12-05 00:30:16 Latest version is 1.10.6
2025-12-05 00:30:16 App is up to date.
2025-12-05 01:30:16 Checking for update using Github
2025-12-05 01:30:16 Success.
2025-12-05 01:30:16 Latest version is 1.10.6
2025-12-05 01:30:16 App is up to date.
2025-12-05 02:30:16 Checking for update using Github
2025-12-05 02:30:16 Success.
2025-12-05 02:30:16 Latest version is 1.10.6
2025-12-05 02:30:16 App is up to date.
2025-12-05 03:30:16 Checking for update using Github
2025-12-05 03:30:16 Success.
2025-12-05 03:30:16 Latest version is 1.10.6
2025-12-05 03:30:16 App is up to date.
2025-12-05 04:30:16 Checking for update using Github
2025-12-05 04:30:16 Success.
2025-12-05 04:30:16 Latest version is 1.10.6
2025-12-05 04:30:16 App is up to date.
2025-12-05 05:30:16 Checking for update using Github
2025-12-05 05:30:16 Success.
2025-12-05 05:30:16 Latest version is 1.10.6
2025-12-05 05:30:16 App is up to date.
2025-12-05 15:34:39 Checking for update using Github
2025-12-05 15:34:39 Success.
2025-12-05 15:34:39 Latest version is 1.10.6
2025-12-05 15:34:39 App is up to date.
2025-12-06 05:14:45 Checking for update using Github
2025-12-06 05:14:45 Success.
2025-12-06 05:14:45 Latest version is 1.10.6
2025-12-06 05:14:45 App is up to date.
2025-12-06 20:05:10 Checking for update using Github
2025-12-06 20:05:10 Success.
2025-12-06 20:05:10 Latest version is 1.10.6
2025-12-06 20:05:10 App is up to date.
2025-12-06 21:40:53 Checking for update using Github
2025-12-06 21:40:53 Success.
2025-12-06 21:40:53 Latest version is 1.10.6
2025-12-06 21:40:53 App is up to date.
2025-12-06 22:40:53 Checking for update using Github
2025-12-06 22:40:53 Success.
2025-12-06 22:40:53 Latest version is 1.10.6
2025-12-06 22:40:53 App is up to date.
2025-12-07 00:51:05 Checking for update using Github
2025-12-07 00:51:05 Success.
2025-12-07 00:51:05 Latest version is 1.10.6
2025-12-07 00:51:05 App is up to date.
2025-12-08 19:18:12 Checking for update using Github
2025-12-08 19:18:12 Success.
2025-12-08 19:18:12 Latest version is 1.10.6
2025-12-08 19:18:12 App is up to date.
2025-12-08 20:18:12 Checking for update using Github
2025-12-08 20:18:12 Success.
2025-12-08 20:18:12 Latest version is 1.10.6
2025-12-08 20:18:12 App is up to date.
2025-12-08 21:18:12 Checking for update using Github
2025-12-08 21:18:12 Success.
2025-12-08 21:18:12 Latest version is 1.10.6
2025-12-08 21:18:12 App is up to date.
2025-12-08 21:47:31 Loading main app package /usr/lib/obsidian/obsidian.asar
2025-12-08 21:47:31 Checking for update using Github
2025-12-08 21:47:31 Success.
2025-12-08 21:47:31 Latest version is 1.10.6
2025-12-08 21:47:31 App is up to date.
2025-12-08 22:47:31 Checking for update using Github
2025-12-08 22:47:31 Success.
2025-12-08 22:47:31 Latest version is 1.10.6
2025-12-08 22:47:31 App is up to date.
2025-12-08 23:51:50 Checking for update using Github
2025-12-08 23:51:50 Success.
2025-12-08 23:51:50 Latest version is 1.10.6
2025-12-08 23:51:50 App is up to date.
2025-12-09 03:29:07 Checking for update using Github
2025-12-09 03:29:07 Success.
2025-12-09 03:29:07 Latest version is 1.10.6
2025-12-09 03:29:07 App is up to date.
2025-12-09 04:29:51 Checking for update using Github
2025-12-09 04:29:51 Success.
2025-12-09 04:29:51 Latest version is 1.10.6
2025-12-09 04:29:51 App is up to date.
2025-12-09 05:29:51 Checking for update using Github
2025-12-09 05:29:51 Success.
2025-12-09 05:29:51 Latest version is 1.10.6
2025-12-09 05:29:51 App is up to date.
2025-12-09 20:23:17 Checking for update using Github
2025-12-09 20:23:17 Success.
2025-12-09 20:23:17 Latest version is 1.10.6
2025-12-09 20:23:17 App is up to date.
2025-12-09 21:23:17 Checking for update using Github
2025-12-09 21:23:17 Success.
2025-12-09 21:23:17 Latest version is 1.10.6
2025-12-09 21:23:17 App is up to date.
2025-12-09 22:23:17 Checking for update using Github
2025-12-09 22:23:17 Success.
2025-12-09 22:23:17 Latest version is 1.10.6
2025-12-09 22:23:17 App is up to date.
2025-12-09 23:23:17 Checking for update using Github
2025-12-09 23:23:17 Success.
2025-12-09 23:23:17 Latest version is 1.10.6
2025-12-09 23:23:17 App is up to date.
2025-12-10 00:23:17 Checking for update using Github
2025-12-10 00:23:17 Success.
2025-12-10 00:23:17 Latest version is 1.10.6
2025-12-10 00:23:17 App is up to date.
2025-12-10 01:23:17 Checking for update using Github
2025-12-10 01:23:17 Success.
2025-12-10 01:23:17 Latest version is 1.10.6
2025-12-10 01:23:17 App is up to date.
2025-12-10 02:23:17 Checking for update using Github
2025-12-10 02:23:17 Success.
2025-12-10 02:23:17 Latest version is 1.10.6
2025-12-10 02:23:17 App is up to date.
2025-12-10 03:23:17 Checking for update using Github
2025-12-10 03:23:17 Success.
2025-12-10 03:23:17 Latest version is 1.10.6
2025-12-10 03:23:17 App is up to date.
2025-12-10 04:23:17 Checking for update using Github
2025-12-10 04:23:17 Success.
2025-12-10 04:23:17 Latest version is 1.10.6
2025-12-10 04:23:17 App is up to date.
2025-12-10 06:47:51 Checking for update using Github
2025-12-10 06:47:51 Success.
2025-12-10 06:47:51 Latest version is 1.10.6
2025-12-10 06:47:51 App is up to date.
2025-12-10 18:49:05 Checking for update using Github
2025-12-10 18:49:05 Success.
2025-12-10 18:49:05 Latest version is 1.10.6
2025-12-10 18:49:05 App is up to date.
2025-12-10 19:49:05 Checking for update using Github
2025-12-10 19:49:05 Success.
2025-12-10 19:49:05 Latest version is 1.10.6
2025-12-10 19:49:05 App is up to date.
2025-12-10 20:49:05 Checking for update using Github
2025-12-10 20:49:05 Success.
2025-12-10 20:49:05 Latest version is 1.10.6
2025-12-10 20:49:05 App is up to date.
2025-12-10 21:49:05 Checking for update using Github
2025-12-10 21:49:05 Success.
2025-12-10 21:49:05 Latest version is 1.10.6
2025-12-10 21:49:05 App is up to date.
2025-12-10 22:49:05 Checking for update using Github
2025-12-10 22:49:05 Success.
2025-12-10 22:49:05 Latest version is 1.10.6
2025-12-10 22:49:05 App is up to date.
2025-12-10 23:49:05 Checking for update using Github
2025-12-10 23:49:05 Success.
2025-12-10 23:49:05 Latest version is 1.10.6
2025-12-10 23:49:05 App is up to date.
2025-12-11 00:49:05 Checking for update using Github
2025-12-11 00:49:05 Success.
2025-12-11 00:49:05 Latest version is 1.10.6
2025-12-11 00:49:05 App is up to date.
2025-12-11 01:49:05 Checking for update using Github
2025-12-11 01:49:05 Success.
2025-12-11 01:49:05 Latest version is 1.10.6
2025-12-11 01:49:05 App is up to date.
2025-12-11 02:49:05 Checking for update using Github
2025-12-11 02:49:05 Success.
2025-12-11 02:49:05 Latest version is 1.10.6
2025-12-11 02:49:05 App is up to date.
2025-12-11 03:49:05 Checking for update using Github
2025-12-11 03:49:05 Success.
2025-12-11 03:49:05 Latest version is 1.10.6
2025-12-11 03:49:05 App is up to date.
2025-12-11 04:49:05 Checking for update using Github
2025-12-11 04:49:05 Success.
2025-12-11 04:49:05 Latest version is 1.10.6
2025-12-11 04:49:05 App is up to date.
2025-12-11 05:49:05 Checking for update using Github
2025-12-11 05:49:06 Success.
2025-12-11 05:49:06 Latest version is 1.10.6
2025-12-11 05:49:06 App is up to date.
2025-12-11 13:45:51 Checking for update using Github
2025-12-11 13:45:51 Success.
2025-12-11 13:45:51 Latest version is 1.10.6
2025-12-11 13:45:51 App is up to date.
2025-12-11 14:45:51 Checking for update using Github
2025-12-11 14:45:51 Success.
2025-12-11 14:45:51 Latest version is 1.10.6
2025-12-11 14:45:51 App is up to date.
2025-12-12 19:26:39 Loading main app package /usr/lib/obsidian/obsidian.asar
2025-12-12 19:26:39 Checking for update using Github
2025-12-12 19:26:40 Success.
2025-12-12 19:26:40 Latest version is 1.10.6
2025-12-12 19:26:40 App is up to date.
2025-12-12 19:27:34 Checking for update using Github
2025-12-12 19:27:34 Success.
2025-12-12 19:27:34 Latest version is 1.10.6
2025-12-12 19:27:34 App is up to date.
2025-12-12 19:27:36 Checking for update using Github
2025-12-12 19:27:36 Success.
2025-12-12 19:27:36 Latest version is 1.10.6
2025-12-12 19:27:36 App is up to date.
2025-12-12 19:28:24 Loading main app package /usr/lib/obsidian/obsidian.asar
2025-12-12 19:28:24 Checking for update using Github
2025-12-12 19:28:24 Success.
2025-12-12 19:28:24 Latest version is 1.10.6
2025-12-12 19:28:24 App is up to date.
2025-12-12 19:32:44 Loading main app package /usr/lib/obsidian/obsidian.asar
2025-12-12 19:32:44 Checking for update using Github
2025-12-12 19:32:44 Success.
2025-12-12 19:32:44 Latest version is 1.10.6
2025-12-12 19:32:44 App is up to date.
2025-12-12 19:34:12 Loading main app package /usr/lib/obsidian/obsidian.asar
2025-12-12 19:34:12 Checking for update using Github
2025-12-12 19:34:12 Success.
2025-12-12 19:34:12 Latest version is 1.10.6
2025-12-12 19:34:12 App is up to date.
2025-12-12 19:34:40 Loading main app package /usr/lib/obsidian/obsidian.asar
2025-12-12 19:34:40 Checking for update using Github
2025-12-12 19:34:40 Success.
2025-12-12 19:34:40 Latest version is 1.10.6
2025-12-12 19:34:40 App is up to date.
2025-12-12 19:34:56 Loading main app package /usr/lib/obsidian/obsidian.asar
2025-12-12 19:34:56 Checking for update using Github
2025-12-12 19:34:57 Success.
2025-12-12 19:34:57 Latest version is 1.10.6
2025-12-12 19:34:57 App is up to date.
2025-12-12 19:36:48 Loading main app package /usr/lib/obsidian/obsidian.asar
2025-12-12 19:36:48 Checking for update using Github
2025-12-12 19:36:48 Success.
2025-12-12 19:36:48 Latest version is 1.10.6
2025-12-12 19:36:48 App is up to date.
2025-12-12 19:37:35 Loading main app package /usr/lib/obsidian/obsidian.asar
2025-12-12 19:37:35 Checking for update using Github
2025-12-12 19:37:35 Success.
2025-12-12 19:37:35 Latest version is 1.10.6
2025-12-12 19:37:35 App is up to date.
2025-12-12 19:38:03 Loading main app package /usr/lib/obsidian/obsidian.asar
2025-12-12 19:38:03 Checking for update using Github
2025-12-12 19:38:03 Success.
2025-12-12 19:38:03 Latest version is 1.10.6
2025-12-12 19:38:03 App is up to date.
2025-12-12 19:40:28 Loading main app package /usr/lib/obsidian/obsidian.asar
2025-12-12 19:40:28 Checking for update using Github
2025-12-12 19:40:28 Success.
2025-12-12 19:40:28 Latest version is 1.10.6
2025-12-12 19:40:28 App is up to date.
2025-12-12 19:41:56 Loading main app package /usr/lib/obsidian/obsidian.asar
2025-12-12 19:41:56 Checking for update using Github
2025-12-12 19:41:56 Success.
2025-12-12 19:41:56 Latest version is 1.10.6
2025-12-12 19:41:56 App is up to date.
2025-12-12 19:42:19 Loading main app package /usr/lib/obsidian/obsidian.asar
2025-12-12 19:42:20 Checking for update using Github
2025-12-12 19:42:20 Success.
2025-12-12 19:42:20 Latest version is 1.10.6
2025-12-12 19:42:20 App is up to date.
2025-12-12 19:56:09 Loading main app package /usr/lib/obsidian/obsidian.asar
2025-12-12 19:56:10 Checking for update using Github
2025-12-12 19:56:10 Success.
2025-12-12 19:56:10 Latest version is 1.10.6
2025-12-12 19:56:10 App is up to date.
2025-12-12 20:56:09 Checking for update using Github
2025-12-12 20:56:10 Success.
2025-12-12 20:56:10 Latest version is 1.10.6
2025-12-12 20:56:10 App is up to date.
2025-12-12 21:56:09 Checking for update using Github
2025-12-12 21:56:10 Success.
2025-12-12 21:56:10 Latest version is 1.10.6
2025-12-12 21:56:10 App is up to date.
2025-12-12 22:56:09 Checking for update using Github
2025-12-12 22:56:10 Success.
2025-12-12 22:56:10 Latest version is 1.10.6
2025-12-12 22:56:10 App is up to date.
2025-12-12 23:56:10 Checking for update using Github
2025-12-12 23:56:10 Success.
2025-12-12 23:56:10 Latest version is 1.10.6
2025-12-12 23:56:10 App is up to date.
2025-12-13 00:56:10 Checking for update using Github
2025-12-13 00:56:10 Success.
2025-12-13 00:56:10 Latest version is 1.10.6
2025-12-13 00:56:10 App is up to date.
2025-12-13 02:05:39 Checking for update using Github
2025-12-13 02:05:39 Success.
2025-12-13 02:05:39 Latest version is 1.10.6
2025-12-13 02:05:39 App is up to date.
2025-12-13 03:05:39 Checking for update using Github
2025-12-13 03:05:39 Success.
2025-12-13 03:05:39 Latest version is 1.10.6
2025-12-13 03:05:39 App is up to date.
2025-12-13 04:05:39 Checking for update using Github
2025-12-13 04:05:39 Success.
2025-12-13 04:05:39 Latest version is 1.10.6
2025-12-13 04:05:39 App is up to date.
2025-12-13 05:05:39 Checking for update using Github
2025-12-13 05:05:39 Success.
2025-12-13 05:05:39 Latest version is 1.10.6
2025-12-13 05:05:39 App is up to date.
2025-12-13 06:05:39 Checking for update using Github
2025-12-13 06:05:39 Success.
2025-12-13 06:05:39 Latest version is 1.10.6
2025-12-13 06:05:39 App is up to date.
2025-12-13 19:38:03 Checking for update using Github
2025-12-13 19:38:03 Success.
2025-12-13 19:38:03 Latest version is 1.10.6
2025-12-13 19:38:03 App is up to date.
2025-12-13 20:38:04 Checking for update using Github
2025-12-13 20:38:04 Success.
2025-12-13 20:38:04 Latest version is 1.10.6
2025-12-13 20:38:04 App is up to date.
2025-12-13 21:38:04 Checking for update using Github
2025-12-13 21:38:04 Success.
2025-12-13 21:38:04 Latest version is 1.10.6
2025-12-13 21:38:04 App is up to date.
2025-12-13 22:38:04 Checking for update using Github
2025-12-13 22:38:04 Success.
2025-12-13 22:38:04 Latest version is 1.10.6
2025-12-13 22:38:04 App is up to date.
2025-12-13 23:38:04 Checking for update using Github
2025-12-13 23:38:04 Success.
2025-12-13 23:38:04 Latest version is 1.10.6
2025-12-13 23:38:04 App is up to date.
2025-12-14 01:26:50 Checking for update using Github
2025-12-14 01:26:51 Success.
2025-12-14 01:26:51 Latest version is 1.10.6
2025-12-14 01:26:51 App is up to date.
2025-12-14 02:26:54 Checking for update using Github
2025-12-14 02:26:54 Success.
2025-12-14 02:26:54 Latest version is 1.10.6
2025-12-14 02:26:54 App is up to date.
2025-12-14 03:37:22 Checking for update using Github
2025-12-14 03:37:22 Success.
2025-12-14 03:37:22 Latest version is 1.10.6
2025-12-14 03:37:22 App is up to date.
2025-12-14 04:37:22 Checking for update using Github
2025-12-14 04:37:22 Success.
2025-12-14 04:37:22 Latest version is 1.10.6
2025-12-14 04:37:22 App is up to date.
2026-01-12 06:23:29 Loading main app package /usr/lib/obsidian/obsidian.asar
2026-01-12 06:23:29 Checking for update using Github
2026-01-12 06:23:29 Success.
2026-01-12 06:23:29 Latest version is 1.10.6
2026-01-12 06:23:29 App is up to date.
2026-03-31 23:53:14 Loaded main app package /usr/lib/obsidian/obsidian.asar
2026-03-31 23:53:14 Checking for update using Github
2026-03-31 23:53:14 Success.
2026-03-31 23:53:14 Latest version is 1.12.7
2026-03-31 23:53:14 Downloading update from https://github.com/obsidianmd/obsidian-releases/releases/download/v1.12.7/obsidian-1.12.7.asar.gz
2026-03-31 23:53:15 Verifying hash & signature. Size= 8323080
2026-03-31 23:53:15 Saving file
2026-03-31 23:53:16 Update complete.
2026-04-01 21:58:23 Checking for update using Github
2026-04-01 21:58:23 Success.
2026-04-01 21:58:23 Latest version is 1.12.7
2026-04-01 21:58:23 An update is already downloaded.
2026-04-01 23:20:18 Checking for update using Github
2026-04-01 23:20:18 Success.
2026-04-01 23:20:18 Latest version is 1.12.7
2026-04-01 23:20:18 An update is already downloaded.
2026-04-02 01:23:23 Checking for update using Github
2026-04-02 01:23:23 Success.
2026-04-02 01:23:23 Latest version is 1.12.7
2026-04-02 01:23:23 An update is already downloaded.
2026-04-02 02:23:23 Checking for update using Github
2026-04-02 02:23:23 Success.
2026-04-02 02:23:23 Latest version is 1.12.7
2026-04-02 02:23:23 An update is already downloaded.
2026-04-02 05:00:17 Checking for update using Github
2026-04-02 05:00:17 Success.
2026-04-02 05:00:17 Latest version is 1.12.7
2026-04-02 05:00:17 An update is already downloaded.
2026-04-02 19:09:48 Checking for update using Github
2026-04-02 19:09:48 Success.
2026-04-02 19:09:48 Latest version is 1.12.7
2026-04-02 19:09:48 An update is already downloaded.
2026-04-02 20:09:48 Checking for update using Github
2026-04-02 20:09:48 Success.
2026-04-02 20:09:48 Latest version is 1.12.7
2026-04-02 20:09:48 An update is already downloaded.
2026-04-02 21:09:48 Checking for update using Github
2026-04-02 21:09:48 Success.
2026-04-02 21:09:48 Latest version is 1.12.7
2026-04-02 21:09:48 An update is already downloaded.
2026-04-02 22:09:48 Checking for update using Github
2026-04-02 22:09:48 Success.
2026-04-02 22:09:48 Latest version is 1.12.7
2026-04-02 22:09:48 An update is already downloaded.
2026-04-02 23:09:48 Checking for update using Github
2026-04-02 23:09:48 Success.
2026-04-02 23:09:48 Latest version is 1.12.7
2026-04-02 23:09:48 An update is already downloaded.
2026-04-03 18:47:15 Checking for update using Github
2026-04-03 18:47:15 Success.
2026-04-03 18:47:15 Latest version is 1.12.7
2026-04-03 18:47:15 An update is already downloaded.
2026-04-03 19:47:15 Checking for update using Github
2026-04-03 19:47:15 Success.
2026-04-03 19:47:15 Latest version is 1.12.7
2026-04-03 19:47:15 An update is already downloaded.
2026-04-03 20:47:15 Checking for update using Github
2026-04-03 20:47:15 Success.
2026-04-03 20:47:15 Latest version is 1.12.7
2026-04-03 20:47:15 An update is already downloaded.
2026-04-03 21:47:15 Checking for update using Github
2026-04-03 21:47:16 Success.
2026-04-03 21:47:16 Latest version is 1.12.7
2026-04-03 21:47:16 An update is already downloaded.
2026-04-08 16:51:42 Checking for update using Github
2026-04-08 16:51:42 Success.
2026-04-08 16:51:42 Latest version is 1.12.7
2026-04-08 16:51:42 An update is already downloaded.
2026-04-08 20:11:14 Checking for update using Github
2026-04-08 20:11:15 Success.
2026-04-08 20:11:15 Latest version is 1.12.7
2026-04-08 20:11:15 An update is already downloaded.
2026-04-08 22:03:49 Checking for update using Github
2026-04-08 22:03:49 Success.
2026-04-08 22:03:49 Latest version is 1.12.7
2026-04-08 22:03:49 An update is already downloaded.
2026-04-08 23:21:12 Checking for update using Github
2026-04-08 23:21:12 Success.
2026-04-08 23:21:12 Latest version is 1.12.7
2026-04-08 23:21:12 An update is already downloaded.
2026-04-09 22:35:42 Checking for update using Github
2026-04-09 22:35:43 Success.
2026-04-09 22:35:43 Latest version is 1.12.7
2026-04-09 22:35:43 An update is already downloaded.
2026-04-10 01:25:20 Checking for update using Github
2026-04-10 01:25:20 Success.
2026-04-10 01:25:20 Latest version is 1.12.7
2026-04-10 01:25:20 An update is already downloaded.
2026-04-10 02:31:50 Checking for update using Github
2026-04-10 02:31:50 Success.
2026-04-10 02:31:50 Latest version is 1.12.7
2026-04-10 02:31:50 An update is already downloaded.
2026-04-10 18:51:56 Checking for update using Github
2026-04-10 18:51:56 Success.
2026-04-10 18:51:56 Latest version is 1.12.7
2026-04-10 18:51:56 An update is already downloaded.
2026-04-12 05:17:09 Checking for update using Github
2026-04-12 05:17:09 Success.
2026-04-12 05:17:09 Latest version is 1.12.7
2026-04-12 05:17:09 An update is already downloaded.
2026-04-12 23:22:31 Checking for update using Github
2026-04-12 23:22:31 Success.
2026-04-12 23:22:31 Latest version is 1.12.7
2026-04-12 23:22:31 An update is already downloaded.
2026-04-13 00:22:31 Checking for update using Github
2026-04-13 00:22:31 Success.
2026-04-13 00:22:31 Latest version is 1.12.7
2026-04-13 00:22:31 An update is already downloaded.
2026-04-13 01:30:09 Checking for update using Github
2026-04-13 01:30:10 Success.
2026-04-13 01:30:10 Latest version is 1.12.7
2026-04-13 01:30:10 An update is already downloaded.
2026-04-13 02:30:17 Checking for update using Github
2026-04-13 02:30:17 Success.
2026-04-13 02:30:17 Latest version is 1.12.7
2026-04-13 02:30:17 An update is already downloaded.
2026-04-13 05:29:16 Checking for update using Github
2026-04-13 05:29:16 Success.
2026-04-13 05:29:16 Latest version is 1.12.7
2026-04-13 05:29:16 An update is already downloaded.
2026-04-16 04:47:14 Checking for update using Github
2026-04-16 04:47:14 Success.
2026-04-16 04:47:14 Latest version is 1.12.7
2026-04-16 04:47:14 An update is already downloaded.
2026-04-20 17:11:02 Checking for update using Github
2026-04-20 17:11:02 Success.
2026-04-20 17:11:02 Latest version is 1.12.7
2026-04-20 17:11:02 An update is already downloaded.
2026-04-20 17:51:09 Loaded main app package /usr/lib/obsidian/obsidian.asar
2026-04-20 17:51:09 Checking for update using Github
2026-04-20 17:51:09 Success.
2026-04-20 17:51:09 Latest version is 1.12.7
2026-04-20 17:51:09 App is up to date.
2026-04-20 19:08:33 Checking for update using Github
2026-04-20 19:08:33 Success.
2026-04-20 19:08:33 Latest version is 1.12.7
2026-04-20 19:08:33 App is up to date.
2026-04-22 00:08:53 Checking for update using Github
2026-04-22 00:08:54 Success.
2026-04-22 00:08:54 Latest version is 1.12.7
2026-04-22 00:08:54 App is up to date.
2026-04-22 01:18:46 Checking for update using Github
2026-04-22 01:18:46 Success.
2026-04-22 01:18:46 Latest version is 1.12.7
2026-04-22 01:18:46 App is up to date.
2026-04-22 02:18:53 Checking for update using Github
2026-04-22 02:18:54 Success.
2026-04-22 02:18:54 Latest version is 1.12.7
2026-04-22 02:18:54 App is up to date.
2026-04-22 03:18:54 Checking for update using Github
2026-04-22 03:18:54 Success.
2026-04-22 03:18:54 Latest version is 1.12.7
2026-04-22 03:18:54 App is up to date.
2026-04-22 04:36:56 Checking for update using Github
2026-04-22 04:36:56 Success.
2026-04-22 04:36:56 Latest version is 1.12.7
2026-04-22 04:36:56 App is up to date.
2026-04-29 16:24:50 Checking for update using Github
2026-04-29 16:24:50 Failed to check for update using Github (net::ERR_FAILED)
2026-04-29 16:24:50 Checking for update using obsidian.md
2026-05-11 09:51:26 Loaded main app package /usr/lib/obsidian/obsidian.asar
2026-05-11 09:51:27 Checking for update using Github
2026-05-11 09:51:27 Success.
2026-05-11 09:51:27 Latest version is 1.12.7
2026-05-11 09:51:27 App is up to date.
2026-05-11 12:24:35 Checking for update using Github
2026-05-11 12:24:40 Success.
2026-05-11 12:24:40 Latest version is 1.12.7
2026-05-11 12:24:40 App is up to date.
2026-05-11 13:26:24 Checking for update using Github
2026-05-11 13:26:24 Success.
2026-05-11 13:26:24 Latest version is 1.12.7
2026-05-11 13:26:24 App is up to date.
2026-05-11 14:26:24 Checking for update using Github
2026-05-11 14:26:25 Success.
2026-05-11 14:26:25 Latest version is 1.12.7
2026-05-11 14:26:25 App is up to date.
2026-05-12 01:45:47 Checking for update using Github
2026-05-12 01:45:47 Success.
2026-05-12 01:45:47 Latest version is 1.12.7
2026-05-12 01:45:47 App is up to date.
2026-05-14 02:55:45 Checking for update using Github
2026-05-14 02:55:45 Success.
2026-05-14 02:55:45 Latest version is 1.12.7
2026-05-14 02:55:45 App is up to date.
2026-05-16 03:29:30 Checking for update using Github
2026-05-16 03:29:30 Success.
2026-05-16 03:29:30 Latest version is 1.12.7
2026-05-16 03:29:30 App is up to date.
2026-05-16 16:59:44 Checking for update using Github
2026-05-16 16:59:44 Success.
2026-05-16 16:59:44 Latest version is 1.12.7
2026-05-16 16:59:44 App is up to date.
2026-05-20 21:37:06 Checking for update using Github
2026-05-20 21:37:06 Success.
2026-05-20 21:37:06 Latest version is 1.12.7
2026-05-20 21:37:06 App is up to date.
2026-05-20 23:52:52 Checking for update using Github
2026-05-20 23:52:52 Success.
2026-05-20 23:52:52 Latest version is 1.12.7
2026-05-20 23:52:52 App is up to date.
2026-05-22 21:02:25 Loaded main app package /usr/lib/obsidian/obsidian.asar
2026-05-22 21:02:25 Checking for update using Github
2026-05-22 21:02:25 Success.
2026-05-22 21:02:25 Latest version is 1.12.7
2026-05-22 21:02:25 App is up to date.
2026-05-22 22:02:25 Checking for update using Github
2026-05-22 22:02:25 Success.
2026-05-22 22:02:25 Latest version is 1.12.7
2026-05-22 22:02:25 App is up to date.
2026-05-22 23:02:25 Checking for update using Github
2026-05-22 23:02:25 Success.
2026-05-22 23:02:25 Latest version is 1.12.7
2026-05-22 23:02:25 App is up to date.
2026-05-23 04:57:21 Checking for update using Github
2026-05-23 04:57:22 Success.
2026-05-23 04:57:22 Latest version is 1.12.7
2026-05-23 04:57:22 App is up to date.
2026-05-23 06:39:05 Checking for update using Github
2026-05-23 06:39:05 Success.
2026-05-23 06:39:05 Latest version is 1.12.7
2026-05-23 06:39:05 App is up to date.
2026-05-23 07:51:23 Checking for update using Github
2026-05-23 07:51:23 Success.
2026-05-23 07:51:23 Latest version is 1.12.7
2026-05-23 07:51:23 App is up to date.
2026-05-25 23:47:11 Checking for update using Github
2026-05-25 23:47:11 Success.
2026-05-25 23:47:11 Latest version is 1.12.7
2026-05-25 23:47:11 App is up to date.
2026-05-27 23:11:32 Checking for update using Github
2026-05-27 23:11:32 Success.
2026-05-27 23:11:32 Latest version is 1.12.7
2026-05-27 23:11:32 App is up to date.
2026-05-28 00:19:58 Checking for update using Github
2026-05-28 00:19:58 Success.
2026-05-28 00:19:58 Latest version is 1.12.7
2026-05-28 00:19:58 App is up to date.
